order_delivered_customer_date,order_approved_at,order_estimated_delivery_date,order_status
"2017-10-10 23:25:13","2017-10-02 13:07:15","2017-10-18 02:00:00",delivered
"2018-08-07 17:27:45","2018-07-26 05:24:27","2018-08-13 02:00:00",delivered
"2018-08-17 20:06:29","2018-08-08 10:55:23","2018-09-04 02:00:00",delivered
"2017-12-02 01:28:42","2017-11-18 20:45:59","2017-12-15 01:00:00",delivered
"2018-02-16 19:17:02","2018-02-13 23:20:29","2018-02-26 01:00:00",delivered
"2017-07-26 12:57:55","2017-07-10 00:10:13","2017-08-01 02:00:00",delivered
"2017-05-26 14:55:51","2017-05-16 15:22:11","2017-06-07 02:00:00",delivered
"2017-02-02 15:08:10","2017-01-25 03:50:47","2017-03-06 01:00:00",delivered
"2017-08-16 19:14:30","2017-07-29 14:05:32","2017-08-23 02:00:00",delivered
"2017-05-29 13:18:31","2017-05-16 21:50:18","2017-06-07 02:00:00",delivered
"2017-07-19 16:04:48","2017-07-13 22:10:08","2017-08-08 02:00:00",delivered
"2018-06-19 14:05:52","2018-06-09 05:13:12","2018-07-18 02:00:00",delivered
"2018-07-30 17:52:25","2018-07-25 19:55:14","2018-08-08 02:00:00",delivered
"2018-03-13 00:36:26","2018-03-01 16:10:47","2018-03-21 01:00:00",delivered
"2018-06-21 17:34:32","2018-06-13 01:31:02","2018-07-04 02:00:00",delivered
"2018-01-20 02:38:59","2018-01-02 20:09:04","2018-02-06 01:00:00",delivered
"2018-01-08 23:36:36","2017-12-27 00:50:22","2018-01-29 01:00:00",delivered
"2017-11-27 19:28:00","2017-11-21 01:14:22","2017-12-11 01:00:00",delivered
"2017-11-08 23:22:00","2017-10-26 18:08:14","2017-11-23 01:00:00",delivered
"2017-10-10 00:23:46","2017-09-19 06:04:09","2017-09-28 02:00:00",delivered
"2018-03-19 19:08:32","2018-03-15 10:09:31","2018-03-29 02:00:00",delivered
"2018-02-08 17:13:46","2018-02-03 21:50:22","2018-02-21 01:00:00",delivered
"2018-01-26 18:32:38","2018-01-08 09:07:31","2018-02-21 01:00:00",delivered
"2018-08-13 20:24:27","2018-08-10 05:24:51","2018-08-17 02:00:00",delivered
"2018-03-21 23:03:54","2018-02-22 03:30:46","2018-03-12 01:00:00",delivered
"2018-06-16 17:20:55","2018-06-05 02:35:10","2018-07-18 02:00:00",delivered
"2018-03-21 15:41:50","2018-03-12 04:28:34","2018-03-28 02:00:00",delivered
"2018-05-16 22:56:24","2018-05-03 14:55:01","2018-05-23 02:00:00",delivered
"2018-03-28 01:29:14","2018-02-25 15:47:35","2018-04-13 02:00:00",delivered
"2017-08-18 16:28:02","2017-08-12 04:45:24","2017-08-23 02:00:00",delivered
"2018-05-05 14:28:34","2018-04-17 00:10:26","2018-05-15 02:00:00",delivered
"2018-01-03 19:03:36","2017-12-14 14:54:13","2018-01-08 01:00:00",delivered
"2018-02-22 01:07:55","2018-02-03 13:50:30","2018-03-07 01:00:00",delivered
"2018-08-01 00:48:50","2018-07-30 01:45:15","2018-08-06 02:00:00",delivered
"2018-03-20 01:59:25","2018-02-17 17:15:34","2018-03-20 01:00:00",delivered
"2018-03-14 00:58:43","2018-02-23 03:10:52","2018-03-29 02:00:00",delivered
"2017-08-08 23:24:41","2017-08-02 04:56:02","2017-08-22 02:00:00",delivered
"2018-06-18 23:32:52","2018-06-05 05:35:15","2018-07-17 02:00:00",delivered
"2018-04-06 00:11:18","2018-03-26 19:28:27","2018-04-12 02:00:00",delivered
"2017-05-31 15:58:46","2017-05-19 21:05:17","2017-06-12 02:00:00",delivered
"2017-12-28 19:59:23","2017-11-25 01:21:09","2017-12-21 01:00:00",delivered
"2017-08-12 16:08:40","2017-08-04 19:25:11","2017-09-01 02:00:00",delivered
"2018-08-14 01:34:42","2018-08-05 01:35:13","2018-09-13 02:00:00",delivered
"2017-05-29 14:47:20","2017-05-18 16:05:17","2017-06-09 02:00:00",delivered
"2017-05-25 11:14:31","2017-05-14 22:42:45","2017-06-12 02:00:00",delivered
"2018-05-21 17:22:11","2018-05-18 03:17:39","2018-05-25 02:00:00",delivered
"2018-08-03 00:09:11","2018-07-29 13:44:19","2018-08-13 02:00:00",delivered
"2017-08-16 19:16:44","2017-08-11 06:15:29","2017-08-31 02:00:00",delivered
"2018-02-14 14:41:59","2018-02-03 03:53:07","2018-02-23 01:00:00",delivered
"2018-07-03 20:37:46","2018-06-27 10:35:32","2018-07-20 02:00:00",delivered
"2018-08-01 00:26:55","2018-07-26 16:55:10","2018-08-16 02:00:00",delivered
"2018-01-03 16:09:32","2017-12-15 01:14:55","2018-01-16 01:00:00",delivered
"2017-09-04 22:59:55","2017-08-31 10:30:17","2017-09-20 02:00:00",delivered
"2018-06-19 02:31:13","2018-06-11 12:58:32","2018-07-16 02:00:00",delivered
"2018-06-14 23:32:21","2018-06-11 10:31:50","2018-07-05 02:00:00",delivered
"2018-04-03 15:28:46","2018-03-09 16:40:39","2018-04-02 02:00:00",delivered
"2017-04-06 15:37:16","2017-03-13 19:14:36","2017-03-30 02:00:00",delivered
"2017-06-19 20:51:28","2017-06-15 05:05:45","2017-07-06 02:00:00",delivered
"2017-12-05 21:28:40","2017-12-02 03:51:18","2017-12-18 01:00:00",delivered
"2018-08-10 20:35:40","2018-08-05 15:24:34","2018-08-15 02:00:00",delivered
"2017-11-22 23:41:07","2017-11-15 12:46:42","2017-12-05 01:00:00",delivered
"2018-03-09 23:22:25","2018-02-21 07:15:25","2018-03-13 01:00:00",delivered
"2018-04-24 21:31:58","2018-04-24 20:25:22","2018-05-15 02:00:00",delivered
"2018-01-17 21:26:31","2018-01-07 22:51:28","2018-02-14 01:00:00",delivered
"2018-02-20 23:13:08","2018-02-10 14:35:31","2018-03-12 01:00:00",delivered
"2018-06-22 23:18:51","2018-06-18 19:00:57","2018-07-13 02:00:00",delivered
"2018-06-19 00:32:44","2018-06-15 04:37:29","2018-06-26 02:00:00",delivered
"2018-07-24 18:41:18","2018-07-16 16:31:10","2018-08-02 02:00:00",delivered
"2017-09-16 17:40:08","2017-09-13 16:44:39","2017-09-25 02:00:00",delivered
"2018-04-19 22:41:45","2018-04-13 15:30:02","2018-05-08 02:00:00",delivered
"2018-02-24 20:15:56","2018-02-15 11:47:59","2018-03-07 01:00:00",delivered
"2017-03-09 15:27:58","2017-02-22 04:10:20","2017-03-21 01:00:00",delivered
"2017-05-10 11:17:55","2017-04-21 07:15:56","2017-05-12 02:00:00",delivered
"2017-09-25 22:14:48","2017-09-15 11:35:18","2017-10-11 02:00:00",delivered
"2018-08-06 20:44:46","2018-07-31 05:50:24","2018-08-08 02:00:00",delivered
"2017-08-16 20:17:54","2017-08-09 20:45:18","2017-08-31 02:00:00",delivered
"2018-08-29 14:40:53","2018-08-28 06:10:18","2018-08-30 02:00:00",delivered
"2017-08-01 16:27:31","2017-07-30 05:25:08","2017-08-16 02:00:00",delivered
"2018-01-09 20:52:32","2017-12-23 03:15:31","2018-01-19 01:00:00",delivered
"2017-04-11 14:31:36","2017-04-07 00:50:24","2017-04-27 02:00:00",delivered
"2017-05-18 15:22:35","2017-05-09 23:02:45","2017-06-01 02:00:00",delivered
"2017-05-11 15:07:46","2017-04-20 22:55:09","2017-05-25 02:00:00",delivered
"2017-11-08 22:25:24","2017-10-17 05:49:34","2017-11-21 01:00:00",delivered
"2017-12-19 19:43:35","2017-12-09 03:49:54","2018-01-03 01:00:00",delivered
"2017-09-08 22:39:56","2017-08-27 19:04:12","2017-09-21 02:00:00",delivered
"2018-03-16 15:59:01","2018-03-01 03:48:54","2018-03-29 02:00:00",delivered
"2018-05-21 18:09:55","2018-05-11 15:36:50","2018-06-05 02:00:00",delivered
"2018-02-15 21:08:15","2018-01-22 20:36:35","2018-02-19 01:00:00",delivered
"2018-05-04 16:02:26","2018-05-01 10:52:58","2018-05-16 02:00:00",delivered
"2017-10-10 20:43:53","2017-09-20 09:55:14","2017-10-13 02:00:00",delivered
"2018-04-28 01:14:42","2018-04-12 00:49:32","2018-05-21 02:00:00",delivered
"2018-01-09 19:14:02","2017-12-22 03:37:45","2018-01-22 01:00:00",delivered
"2018-04-30 19:57:25","2018-04-24 21:24:14","2018-05-07 02:00:00",delivered
"2018-08-17 02:49:41","2018-08-03 11:31:36","2018-08-27 02:00:00",delivered
"2018-05-18 16:48:38","2018-05-14 10:52:24","2018-06-08 02:00:00",delivered
"2017-12-28 20:43:00","2017-11-22 12:46:50","2017-12-11 01:00:00",delivered
"2017-04-10 04:59:52","2017-03-30 10:05:08","2017-04-26 02:00:00",delivered
"2018-06-18 14:36:54","2018-06-05 11:32:22","2018-07-23 02:00:00",delivered
"2018-08-28 23:06:31","2018-08-26 13:15:29","2018-08-30 02:00:00",delivered
"2017-05-23 15:32:30","2017-05-17 10:45:09","2017-06-06 02:00:00",delivered
"2018-08-03 21:28:47","2018-08-01 04:50:15","2018-08-02 02:00:00",delivered
"2018-03-09 15:48:21","2018-03-02 23:08:51","2018-03-26 02:00:00",delivered
"2018-02-16 21:24:42","2018-02-06 22:29:40","2018-03-07 01:00:00",delivered
"2017-02-10 18:30:19","2017-01-29 02:31:48","2017-03-10 01:00:00",delivered
"2018-02-09 21:16:40","2018-01-27 23:16:18","2018-02-26 01:00:00",delivered
"2017-07-12 22:17:57","2017-07-04 06:10:19","2017-07-25 02:00:00",delivered
"2017-09-30 19:13:01","2017-09-27 14:26:02","2017-10-16 02:00:00",delivered
"2018-01-23 22:38:52","2017-12-01 10:31:15","2017-12-22 01:00:00",delivered
"2018-02-02 17:12:53","2018-02-01 13:54:33","2018-02-19 01:00:00",delivered
"2018-08-28 16:52:43","2018-08-22 18:25:19","2018-09-05 02:00:00",delivered
"2018-07-13 19:18:42","2018-07-07 12:10:09","2018-08-10 02:00:00",delivered
"2018-05-22 02:08:26","2018-05-09 20:54:13","2018-05-29 02:00:00",delivered
"2018-01-20 14:42:22","2017-11-26 18:58:34","2017-12-19 01:00:00",delivered
"2017-09-30 18:55:39","2017-09-29 11:44:12","2017-10-17 02:00:00",delivered
"2017-06-29 12:16:35","2017-06-28 01:35:09","2017-07-10 02:00:00",delivered
"2018-02-07 15:59:03","2018-01-23 11:59:10","2018-02-21 01:00:00",delivered
"2018-08-28 15:43:41","2018-08-20 20:35:26","2018-09-13 02:00:00",delivered
"2018-02-20 16:25:04","2018-01-30 09:13:43","2018-02-21 01:00:00",delivered
"2018-04-07 02:06:33","2018-04-03 07:10:21","2018-05-04 02:00:00",delivered
"2018-03-19 19:46:32","2018-03-09 04:00:35","2018-03-29 02:00:00",delivered
"2018-05-14 20:55:59","2018-05-09 00:31:43","2018-05-23 02:00:00",delivered
"2017-04-27 13:08:55","2017-03-30 16:55:17","2017-05-12 02:00:00",delivered
"2017-12-01 22:11:40","2017-11-25 02:31:43","2017-12-15 01:00:00",delivered
"2018-04-27 18:50:03","2018-04-26 00:31:56","2018-05-14 02:00:00",delivered
"2017-07-21 21:59:36","2017-07-16 12:35:14","2017-08-04 02:00:00",delivered
"2017-11-28 21:33:38","2017-11-21 13:40:55","2017-12-14 01:00:00",delivered
"2017-10-24 17:57:46","2017-10-19 17:35:35","2017-10-31 01:00:00",delivered
"2018-08-02 23:08:57","2018-07-23 14:32:22","2018-08-13 02:00:00",delivered
"2017-12-11 17:17:04","2017-12-02 15:38:30","2018-01-04 01:00:00",delivered
"2018-03-29 22:08:43","2018-03-26 11:28:24","2018-04-20 02:00:00",delivered
"2018-01-15 15:56:58","2018-01-09 08:27:15","2018-02-06 01:00:00",delivered
"2018-02-14 20:07:41","2018-02-07 03:35:40","2018-03-08 01:00:00",delivered
"2018-07-26 20:26:37","2018-07-18 15:50:14","2018-07-30 02:00:00",delivered
"2017-03-31 12:07:25","2017-03-28 18:15:15","2017-04-17 02:00:00",delivered
"2018-06-15 22:58:47","2018-06-08 14:37:01","2018-07-05 02:00:00",delivered
"2017-07-17 19:03:47","2017-07-12 04:10:59","2017-07-28 02:00:00",delivered
"2018-05-24 21:04:00","2018-05-18 06:54:31","2018-06-04 02:00:00",delivered
"2018-07-11 23:16:47","2018-07-05 20:55:15","2018-07-19 02:00:00",delivered
"2017-09-28 21:47:42","2017-09-21 16:44:35","2017-10-18 02:00:00",delivered
"2018-03-22 01:03:53","2018-02-22 17:10:41","2018-03-16 01:00:00",delivered
"2018-01-25 00:16:49","2018-01-11 03:48:39","2018-01-31 01:00:00",delivered
"2017-05-12 16:04:02","2017-04-27 19:22:58","2017-05-29 02:00:00",delivered
"2017-12-08 16:41:46","2017-11-27 20:39:02","2017-12-27 01:00:00",delivered
"2018-05-15 20:38:39","2018-05-12 05:32:26","2018-05-21 02:00:00",delivered
"2018-05-30 17:06:44","2018-05-25 11:16:24","2018-06-12 02:00:00",delivered
"2017-12-11 20:03:18","2017-11-28 10:35:11","2017-12-19 01:00:00",delivered
"2017-12-05 21:23:33","2017-11-22 03:49:29","2017-12-20 01:00:00",delivered
"2018-08-01 21:31:47","2018-07-24 12:32:48","2018-08-10 02:00:00",delivered
"2018-03-09 22:52:36","2018-02-14 14:15:38","2018-03-09 01:00:00",delivered
"2017-05-12 14:04:38","2017-05-01 00:55:09","2017-06-05 02:00:00",delivered
"2017-05-23 14:51:55","2017-05-16 05:35:16","2017-06-08 02:00:00",delivered
"2017-07-31 20:17:45","2017-07-22 21:25:18","2017-08-11 02:00:00",delivered
"2018-06-28 15:03:08","2018-06-24 21:20:23","2018-07-27 02:00:00",delivered
"2018-07-06 13:52:07","2018-07-02 15:10:15","2018-07-25 02:00:00",delivered
"2017-03-20 10:28:56","2017-03-06 01:33:11","2017-04-11 02:00:00",delivered
"2017-10-20 18:18:59","2017-10-05 01:14:17","2017-11-09 01:00:00",delivered
"2018-01-04 22:56:01","2017-12-21 18:56:24","2018-01-22 01:00:00",delivered
"2018-02-20 19:09:29","2018-02-02 17:36:26","2018-03-07 01:00:00",delivered
"2018-06-05 19:44:39","2018-06-02 05:15:28","2018-07-04 02:00:00",delivered
"2018-08-14 21:12:05","2018-08-09 19:30:25","2018-08-21 02:00:00",delivered
"2017-12-06 02:12:12","2017-11-15 14:55:31","2017-12-14 01:00:00",delivered
"2018-05-03 04:52:58","2018-04-26 14:11:18","2018-05-07 02:00:00",delivered
"2018-07-24 01:56:47","2018-07-16 14:30:53","2018-08-13 02:00:00",delivered
"2018-06-19 01:07:33","2018-05-31 00:55:45","2018-07-16 02:00:00",delivered
"2017-12-13 10:44:38","2017-12-02 15:17:20","2017-12-27 01:00:00",delivered
"2018-04-07 00:52:39","2018-03-29 16:35:21","2018-04-11 02:00:00",delivered
"2018-06-27 19:18:42","2018-06-25 17:58:17","2018-07-11 02:00:00",delivered
"2017-09-16 18:12:24","2017-09-11 10:10:08","2017-09-27 02:00:00",delivered
"2018-04-21 01:12:11","2018-04-15 21:55:20","2018-04-26 02:00:00",delivered
"2018-01-23 19:22:46","2018-01-13 09:29:22","2018-02-15 01:00:00",delivered
"2018-04-17 01:35:26","2018-04-04 10:50:15","2018-05-02 02:00:00",delivered
"2017-10-09 20:32:42","2017-09-27 05:35:03","2017-10-20 02:00:00",delivered
"2018-03-22 11:18:36","2018-03-02 03:10:55","2018-04-02 02:00:00",delivered
"2017-04-28 16:37:16","2017-04-22 21:41:06","2017-05-15 02:00:00",delivered
"2017-09-21 23:16:17","2017-09-13 15:45:43","2017-09-25 02:00:00",delivered
"2018-01-20 18:56:44","2018-01-18 10:38:30","2018-02-02 01:00:00",delivered
"2017-04-03 15:37:42","2017-03-14 17:25:43","2017-04-10 02:00:00",delivered
"2018-01-09 16:44:20","2017-12-21 03:11:52","2018-01-19 01:00:00",delivered
"2017-12-11 19:52:10","2017-12-04 19:30:29","2018-01-04 01:00:00",delivered
"2018-08-14 20:16:42","2018-08-04 00:35:17","2018-08-23 02:00:00",delivered
"2018-04-08 18:22:04","2018-04-03 07:48:50","2018-04-20 02:00:00",delivered
"2017-05-30 11:12:44","2017-05-18 23:10:16","2017-06-12 02:00:00",delivered
"2017-06-26 15:49:52","2017-06-16 02:35:26","2017-07-18 02:00:00",delivered
"2017-07-17 19:23:48","2017-07-07 04:50:37","2017-08-07 02:00:00",delivered
"2018-08-06 19:20:53","2018-07-27 15:04:20","2018-08-17 02:00:00",delivered
"2017-07-17 22:39:33","2017-07-08 16:25:09","2017-08-03 02:00:00",delivered
"2018-03-20 17:13:27","2018-03-15 18:15:42","2018-04-02 02:00:00",delivered
"2017-07-04 12:51:55","2017-06-25 21:45:10","2017-07-14 02:00:00",delivered
"2018-03-09 14:46:21","2018-02-28 22:48:27","2018-03-13 01:00:00",delivered
"2018-04-24 22:38:55","2018-04-17 00:10:15","2018-05-15 02:00:00",delivered
"2018-06-07 15:58:42","2018-05-16 10:36:57","2018-06-06 02:00:00",delivered
"2018-07-24 22:16:30","2018-07-13 18:04:02","2018-08-09 02:00:00",delivered
"2017-08-05 14:14:47","2017-08-03 05:04:48","2017-08-21 02:00:00",delivered
"2018-07-26 01:58:19","2018-07-27 01:31:53","2018-07-31 02:00:00",delivered
"2017-03-16 09:24:47","2017-03-09 23:17:49","2017-03-28 02:00:00",delivered
"2018-01-04 22:23:53","2017-12-09 18:37:27","2018-02-01 01:00:00",delivered
"2018-08-07 15:59:38","2018-08-02 12:45:12","2018-08-10 02:00:00",delivered
"2018-04-16 22:58:47","2018-04-11 07:50:45","2018-05-03 02:00:00",delivered
"2018-02-19 16:07:08","2018-02-10 20:35:32","2018-02-26 01:00:00",delivered
"2017-05-15 14:00:17","2017-04-27 13:22:56","2017-06-16 02:00:00",delivered
"2017-12-13 19:03:38","2017-12-08 03:54:25","2017-12-27 01:00:00",delivered
"2017-12-08 21:56:54","2017-12-01 11:31:12","2017-12-26 01:00:00",delivered
"2017-06-16 16:04:09","2017-06-07 21:42:11","2017-06-28 02:00:00",delivered
"2017-09-22 18:43:37","2017-09-12 18:45:08","2017-10-04 02:00:00",delivered
"2018-07-24 21:26:42","2018-07-23 14:31:53","2018-07-31 02:00:00",delivered
"2018-06-08 20:58:53","2018-06-03 20:49:57","2018-07-11 02:00:00",delivered
"2018-06-06 16:06:48","2018-05-23 18:56:50","2018-06-08 02:00:00",delivered
"2018-02-23 21:59:12","2018-02-03 12:10:37","2018-03-13 01:00:00",delivered
"2018-06-02 01:27:31","2018-05-17 10:59:32","2018-06-04 02:00:00",delivered
"2018-08-21 01:38:44","2018-08-10 15:55:18","2018-08-30 02:00:00",delivered
"2018-04-26 22:11:48","2018-04-18 22:32:54","2018-05-11 02:00:00",delivered
"2017-10-13 23:13:13","2017-09-27 16:56:18","2017-10-27 02:00:00",delivered
"2018-02-18 15:28:47","2018-02-06 18:32:25","2018-03-06 01:00:00",delivered
"2017-11-29 01:44:50","2017-11-17 15:25:26","2017-12-06 01:00:00",delivered
"2018-02-14 19:04:45","2018-02-01 14:35:14","2018-02-26 01:00:00",delivered
"2018-01-22 22:18:33","2018-01-12 03:38:34","2018-02-07 01:00:00",delivered
"2017-06-12 19:45:34","2017-06-04 12:22:32","2017-06-26 02:00:00",delivered
"2018-04-13 22:03:50","2018-03-29 18:35:38","2018-04-19 02:00:00",delivered
"2017-07-27 20:41:46","2017-07-18 00:10:20","2017-08-08 02:00:00",delivered
"2018-05-18 00:05:03","2018-05-10 13:36:29","2018-05-28 02:00:00",delivered
"2018-08-15 17:02:09","2018-08-08 23:25:20","2018-08-15 02:00:00",delivered
"2018-05-03 23:54:44","2018-04-19 04:51:01","2018-05-09 02:00:00",delivered
"2017-05-02 17:45:27","2017-04-22 16:01:13","2017-05-11 02:00:00",delivered
"2017-12-18 17:53:32","2017-12-11 22:55:32","2018-01-04 01:00:00",delivered
"2018-05-16 22:37:03","2018-05-04 12:51:52","2018-05-23 02:00:00",delivered
"2017-12-27 14:47:01","2017-12-17 21:50:00","2018-01-24 01:00:00",delivered
"2018-01-03 23:54:29","2017-12-22 05:51:23","2018-01-19 01:00:00",delivered
"2018-03-05 21:53:02","2018-02-27 11:15:33","2018-03-22 01:00:00",delivered
"2018-03-29 15:49:10","2018-03-18 22:10:32","2018-04-24 02:00:00",delivered
"2017-01-17 16:52:28","2017-01-07 04:45:40","2017-02-13 01:00:00",delivered
"2017-12-18 21:24:54","2017-11-28 04:48:24","2017-12-19 01:00:00",delivered
"2018-01-03 22:12:08","2017-12-24 18:48:13","2018-01-19 01:00:00",delivered
"2018-04-05 21:34:29","2018-03-29 17:29:55","2018-04-11 02:00:00",delivered
"2017-12-12 23:32:47","2017-11-29 20:16:55","2017-12-26 01:00:00",delivered
"2018-04-14 01:45:22","2018-04-05 04:27:56","2018-05-03 02:00:00",delivered
"2017-05-03 13:43:59","2017-04-20 18:30:11","2017-05-10 02:00:00",delivered
"2018-02-08 19:38:55","2018-01-27 03:45:33","2018-02-21 01:00:00",delivered
"2018-05-09 17:15:10","2018-05-08 16:55:47","2018-05-16 02:00:00",delivered
"2018-06-26 19:08:45","2018-06-18 14:37:24","2018-07-12 02:00:00",delivered
"2017-07-11 22:22:31","2017-07-02 23:03:55","2017-07-25 02:00:00",delivered
"2018-01-30 15:36:52","2018-01-24 01:16:30","2018-02-19 01:00:00",delivered
"2018-01-23 00:23:25","2018-01-17 04:34:29","2018-02-06 01:00:00",delivered
"2018-02-28 22:09:14","2018-02-23 08:08:17","2018-03-08 01:00:00",delivered
"2018-04-19 20:03:46","2018-03-31 01:26:57","2018-04-27 02:00:00",delivered
"2017-03-01 15:09:10","2017-02-12 20:02:52","2017-03-16 01:00:00",delivered
"2018-04-23 17:49:34","2018-02-01 09:10:31","2018-03-05 01:00:00",delivered
"2018-06-15 16:28:27","2018-06-06 16:35:26","2018-07-12 02:00:00",delivered
"2017-11-27 21:41:48","2017-11-17 14:35:40","2017-12-12 01:00:00",delivered
"2018-02-05 20:38:56","2018-01-30 18:57:55","2018-02-21 01:00:00",delivered
"2018-03-13 19:56:39","2018-03-07 13:29:55","2018-03-21 01:00:00",delivered
"2018-01-17 16:44:12","2018-01-10 11:31:35","2018-02-08 01:00:00",delivered
"2017-02-20 19:14:01","2017-02-10 03:55:28","2017-03-17 01:00:00",delivered
"2018-07-04 23:48:36","2018-07-01 00:10:13","2018-07-24 02:00:00",delivered
"2018-08-16 21:18:51","2018-08-08 13:05:15","2018-08-17 02:00:00",delivered
"2017-10-09 20:32:38","2017-10-05 08:21:20","2017-10-30 01:00:00",delivered
"2018-04-28 01:17:26","2018-04-10 17:11:08","2018-05-11 02:00:00",delivered
"2018-02-19 14:28:50","2018-02-08 20:32:18","2018-02-22 01:00:00",delivered
"2018-07-23 20:09:27","2018-07-12 22:35:10","2018-07-27 02:00:00",delivered
"2017-12-17 11:47:53","2017-11-24 17:19:01","2017-12-14 01:00:00",delivered
"2017-09-12 22:59:50","2017-08-31 20:05:09","2017-09-27 02:00:00",delivered
"2018-05-22 22:37:31","2018-05-16 05:14:50","2018-05-30 02:00:00",delivered
"2018-02-06 16:49:01","2018-01-22 20:36:30","2018-02-06 01:00:00",delivered
"2018-06-28 18:41:38","2018-06-16 02:23:09","2018-07-13 02:00:00",delivered
"2018-08-02 01:57:28","2018-07-31 05:50:25","2018-08-02 02:00:00",delivered
"2017-12-12 21:22:51","2017-11-28 22:17:25","2017-12-18 01:00:00",delivered
"2018-03-05 23:04:37","2018-02-11 15:25:28","2018-03-23 01:00:00",delivered
"2018-04-06 03:23:24","2018-03-20 04:48:59","2018-04-16 02:00:00",delivered
"2018-06-05 20:19:32","2018-06-03 14:10:28","2018-06-28 02:00:00",delivered
"2018-05-17 18:56:33","2018-05-08 00:11:35","2018-05-24 02:00:00",delivered
"2018-03-30 01:31:48","2018-03-10 15:50:28","2018-04-05 02:00:00",delivered
"2018-03-22 23:12:59","2018-02-27 17:15:38","2018-04-03 02:00:00",delivered
"2018-02-15 16:08:38","2018-01-24 16:08:06","2018-02-20 01:00:00",delivered
"2018-06-19 13:22:36","2018-06-09 13:15:21","2018-07-04 02:00:00",delivered
"2017-11-16 22:48:37","2017-11-11 23:30:25","2017-11-27 01:00:00",delivered
"2018-07-09 18:02:28","2018-06-28 13:31:07","2018-07-31 02:00:00",delivered
"2018-08-15 02:18:53","2018-08-01 17:31:17","2018-08-27 02:00:00",delivered
"2017-12-19 15:19:22","2017-11-24 21:56:27","2017-12-27 01:00:00",delivered
"2018-02-23 23:59:22","2018-02-03 16:11:02","2018-03-01 01:00:00",delivered
"2017-05-11 19:22:55","2017-04-27 12:35:12","2017-05-25 02:00:00",delivered
"2018-04-23 15:47:49","2018-04-10 18:35:12","2018-05-04 02:00:00",delivered
"2017-12-11 18:38:06","2017-11-13 11:16:29","2017-12-22 01:00:00",delivered
"2018-08-02 02:42:53","2018-07-25 04:55:14","2018-08-14 02:00:00",delivered
"2018-04-05 22:09:27","2018-04-04 05:29:36","2018-04-13 02:00:00",delivered
"2018-01-17 23:08:50","2018-01-12 20:37:22","2018-01-31 01:00:00",delivered
"2017-08-08 17:07:39","2017-07-24 19:30:29","2017-08-11 02:00:00",delivered
"2018-03-16 14:58:58","2018-03-08 01:49:38","2018-03-28 02:00:00",delivered
"2018-06-11 23:38:34","2018-06-05 21:15:24","2018-07-16 02:00:00",delivered
"2018-03-14 17:52:13","2018-02-17 04:35:43","2018-03-20 01:00:00",delivered
"2017-07-10 19:36:56","2017-06-29 02:23:33","2017-07-19 02:00:00",delivered
"2018-02-20 20:27:20","2018-01-20 10:09:35","2018-02-22 01:00:00",delivered
"2018-04-09 21:26:42","2018-03-29 14:48:47","2018-04-17 02:00:00",delivered
"2018-03-29 21:22:10","2018-03-16 21:31:55","2018-04-06 02:00:00",delivered
"2018-03-29 20:28:40","2018-03-28 00:30:13","2018-04-09 02:00:00",delivered
"2018-08-14 02:28:41","2018-08-04 07:05:18","2018-08-23 02:00:00",delivered
"2017-01-27 19:12:13","2017-01-21 18:22:49","2017-03-02 01:00:00",delivered
"2017-10-03 20:35:37","2017-09-26 13:24:44","2017-10-23 02:00:00",delivered
"2017-09-22 18:48:51","2017-09-13 17:25:15","2017-10-04 02:00:00",delivered
"2018-08-25 02:46:26","2018-08-09 22:50:14","2018-09-05 02:00:00",delivered
"2017-12-11 19:52:39","2017-12-07 11:31:35","2018-01-02 01:00:00",delivered
"2018-06-23 00:41:09","2018-05-30 05:24:11","2018-07-18 02:00:00",delivered
"2017-06-29 18:45:36","2017-06-27 13:04:48","2017-07-10 02:00:00",delivered
"2018-01-09 19:04:58","2017-12-12 04:50:30","2018-01-03 01:00:00",delivered
"2018-03-26 23:07:18","2018-03-09 18:00:39","2018-04-03 02:00:00",delivered
"2017-09-19 23:47:09","2017-09-11 14:05:28","2017-10-04 02:00:00",delivered
"2018-06-19 19:57:35","2018-06-12 12:21:08","2018-07-12 02:00:00",delivered
"2018-07-12 00:52:20","2018-07-03 03:30:35","2018-08-08 02:00:00",delivered
"2017-06-12 18:48:13","2017-05-24 17:35:20","2017-06-23 02:00:00",delivered
"2017-12-11 22:44:51","2017-11-29 20:31:02","2017-12-22 01:00:00",delivered
"2018-01-20 15:28:43","2018-01-14 19:59:30","2018-01-30 01:00:00",delivered
"2017-08-29 23:36:55","2017-08-23 19:33:57","2017-09-13 02:00:00",delivered
"2017-09-18 20:48:54","2017-09-12 06:50:37","2017-09-28 02:00:00",delivered
"2018-08-23 23:03:46","2018-08-21 19:08:38","2018-08-27 02:00:00",delivered
"2018-06-12 22:48:48","2018-05-27 20:14:14","2018-07-03 02:00:00",delivered
"2017-06-16 18:52:02","2017-05-23 05:50:25","2017-06-09 02:00:00",delivered
"2017-08-07 22:41:57","2017-07-28 13:35:14","2017-08-17 02:00:00",delivered
"2018-01-04 17:57:16","2017-12-06 03:50:38","2018-01-05 01:00:00",delivered
"2018-03-10 01:05:13","2018-03-07 16:55:42","2018-03-20 01:00:00",delivered
"2018-08-22 21:29:04","2018-08-20 19:50:28","2018-08-24 02:00:00",delivered
"2018-02-22 18:14:00","2018-02-09 15:15:48","2018-03-06 01:00:00",delivered
"2018-08-11 00:12:19","2018-08-03 16:35:14","2018-08-16 02:00:00",delivered
"2018-01-27 15:27:59","2018-01-02 20:32:22","2018-02-05 01:00:00",delivered
"2018-05-03 15:03:03","2018-04-19 10:15:16","2018-05-18 02:00:00",delivered
"2018-01-23 18:41:57","2018-01-05 12:15:29","2018-02-14 01:00:00",delivered
"2018-05-21 22:32:38","2018-05-15 06:35:02","2018-06-04 02:00:00",delivered
"2017-12-08 18:02:43","2017-11-26 14:14:18","2017-12-20 01:00:00",delivered
"2018-07-07 19:37:38","2018-06-26 13:18:28","2018-07-26 02:00:00",delivered
"2017-12-18 23:29:05","2017-12-01 21:50:55","2018-01-03 01:00:00",delivered
"2017-06-09 10:26:30","2017-05-26 20:45:10","2017-06-28 02:00:00",delivered
"2017-08-18 23:09:45","2017-08-10 00:03:51","2017-09-04 02:00:00",delivered
"2018-08-15 02:27:44","2018-08-10 01:05:11","2018-08-20 02:00:00",delivered
"2018-04-04 21:47:44","2018-04-02 19:55:24","2018-04-12 02:00:00",delivered
"2017-05-09 11:03:57","2017-04-21 07:22:15","2017-05-25 02:00:00",delivered
"2017-08-25 19:45:17","2017-08-17 20:05:30","2017-09-13 02:00:00",delivered
"2018-08-28 00:53:39","2018-08-16 12:50:16","2018-09-21 02:00:00",delivered
"2018-07-11 00:12:13","2018-07-02 22:50:21","2018-07-26 02:00:00",delivered
"2018-03-29 00:04:44","2018-02-22 22:28:02","2018-03-19 01:00:00",delivered
"2018-08-31 03:13:33","2018-08-24 21:15:11","2018-09-12 02:00:00",delivered
"2018-08-21 00:57:43","2018-08-13 12:10:18","2018-08-28 02:00:00",delivered
"2018-03-07 19:31:53","2018-02-25 15:28:09","2018-03-28 02:00:00",delivered
"2018-07-13 22:56:37","2018-07-11 19:35:21","2018-07-23 02:00:00",delivered
"2018-08-06 19:36:34","2018-07-31 19:30:58","2018-08-14 02:00:00",delivered
"2017-10-25 22:21:43","2017-10-11 19:46:20","2017-11-08 01:00:00",delivered
"2018-05-21 17:38:36","2018-05-09 19:36:11","2018-05-29 02:00:00",delivered
"2017-12-12 01:35:02","2017-11-25 17:34:24","2017-12-21 01:00:00",delivered
"2018-07-30 18:56:35","2018-07-24 15:24:34","2018-08-08 02:00:00",delivered
"2017-05-19 17:55:47","2017-05-08 15:05:31","2017-05-19 02:00:00",delivered
"2018-04-10 01:52:06","2018-03-30 00:55:21","2018-04-25 02:00:00",delivered
"2018-05-20 20:19:35","2018-04-24 19:34:43","2018-05-24 02:00:00",delivered
"2018-07-30 20:05:46","2018-07-23 13:32:12","2018-08-14 02:00:00",delivered
"2018-08-21 16:06:44","2018-08-14 20:23:55","2018-08-30 02:00:00",delivered
"2018-01-12 11:46:56","2017-12-21 03:11:17","2018-01-17 01:00:00",delivered
"2017-10-28 15:03:21","2017-10-26 05:09:00","2017-11-07 01:00:00",delivered
"2017-08-14 17:07:37","2017-08-01 17:15:19","2017-09-01 02:00:00",delivered
"2018-07-16 15:11:06","2018-07-10 10:45:18","2018-07-27 02:00:00",delivered
"2017-11-01 20:18:41","2017-10-26 04:56:19","2017-11-14 01:00:00",delivered
"2018-06-22 17:48:47","2018-06-13 04:36:32","2018-07-05 02:00:00",delivered
"2017-11-16 17:52:00","2017-11-09 22:31:38","2017-11-29 01:00:00",delivered
"2017-03-02 10:23:07","2017-02-23 09:15:17","2017-04-03 02:00:00",delivered
"2017-06-26 17:58:13","2017-06-17 15:25:13","2017-07-11 02:00:00",delivered
"2017-06-12 15:28:32","2017-05-29 15:05:34","2017-06-29 02:00:00",delivered
"2018-06-04 19:16:36","2018-05-25 10:14:40","2018-07-05 02:00:00",delivered
"2018-06-05 22:32:10","2018-06-03 23:30:06","2018-06-28 02:00:00",delivered
"2018-05-23 22:31:55","2018-05-16 05:15:21","2018-06-14 02:00:00",delivered
"2018-02-17 10:32:39","2018-01-29 14:57:11","2018-02-22 01:00:00",delivered
"2017-12-03 16:36:44","2017-11-24 02:49:32","2017-12-15 01:00:00",delivered
"2016-10-16 16:36:00","2016-10-06 04:46:24","2016-12-07 01:00:00",delivered
"2018-03-18 17:21:49","2018-03-08 18:40:32","2018-03-28 02:00:00",delivered
"2017-04-06 12:35:15","2017-03-22 18:25:28","2017-04-25 02:00:00",delivered
"2017-11-14 19:05:15","2017-11-07 04:31:21","2017-11-17 01:00:00",delivered
"2017-06-08 09:53:42","2017-05-20 13:35:41","2017-06-16 02:00:00",delivered
"2017-12-23 17:21:44","2017-12-16 14:58:23","2018-01-05 01:00:00",delivered
"2018-04-23 16:44:35","2018-04-18 15:31:41","2018-06-04 02:00:00",delivered
"2018-04-24 18:10:44","2018-03-31 12:07:45","2018-04-24 02:00:00",delivered
"2018-07-09 20:21:32","2018-06-23 21:39:10","2018-07-24 02:00:00",delivered
"2018-08-14 20:11:36","2018-08-06 11:44:23","2018-08-22 02:00:00",delivered
"2017-06-12 19:38:13","2017-06-02 16:42:50","2017-07-05 02:00:00",delivered
"2017-11-20 19:36:52","2017-11-07 00:31:52","2017-11-29 01:00:00",delivered
"2018-07-06 18:37:36","2018-06-28 04:15:51","2018-07-26 02:00:00",delivered
"2017-05-08 13:10:26","2017-04-15 00:15:13","2017-05-18 02:00:00",delivered
"2018-04-09 23:53:23","2018-03-26 13:15:38","2018-04-27 02:00:00",delivered
"2017-12-19 02:15:07","2017-12-04 20:04:48","2018-01-04 01:00:00",delivered
"2018-06-22 19:46:42","2018-06-14 01:18:38","2018-07-11 02:00:00",delivered
"2018-02-03 16:05:56","2018-02-02 17:00:16","2018-02-20 01:00:00",delivered
"2017-08-21 23:00:03","2017-08-12 04:45:50","2017-09-01 02:00:00",delivered
"2017-09-17 17:31:51","2017-09-07 04:44:03","2017-09-25 02:00:00",delivered
"2017-12-14 20:42:26","2017-12-07 21:51:19","2018-01-05 01:00:00",delivered
"2017-11-24 21:32:37","2017-11-22 03:58:38","2017-12-07 01:00:00",delivered
"2017-12-27 00:15:01","2017-12-09 02:30:50","2018-01-12 01:00:00",delivered
"2017-05-23 15:12:27","2017-05-10 16:15:14","2017-05-18 02:00:00",delivered
"2017-12-10 18:53:31","2017-11-30 14:56:28","2017-12-22 01:00:00",delivered
"2018-03-29 19:32:05","2018-03-19 23:08:28","2018-03-29 02:00:00",delivered
"2018-03-23 00:44:33","2018-03-04 17:10:35","2018-03-23 01:00:00",delivered
"2018-07-11 16:18:51","2018-07-02 16:10:56","2018-07-23 02:00:00",delivered
"2017-05-08 12:52:06","2017-04-06 15:55:17","2017-05-04 02:00:00",delivered
"2018-08-22 19:09:01","2018-08-12 14:24:22","2018-08-30 02:00:00",delivered
"2017-07-26 22:32:17","2017-07-16 12:15:15","2017-08-04 02:00:00",delivered
"2018-08-07 16:17:49","2018-07-30 20:31:17","2018-08-16 02:00:00",delivered
"2017-10-27 22:48:58","2017-10-18 18:56:50","2017-11-06 01:00:00",delivered
"2017-09-06 22:56:55","2017-08-29 00:55:20","2017-09-18 02:00:00",delivered
"2018-01-10 15:26:57","2017-12-21 21:30:28","2018-01-17 01:00:00",delivered
"2017-12-04 21:33:19","2017-11-29 14:37:08","2017-12-14 01:00:00",delivered
"2018-07-28 02:05:39","2018-07-28 01:31:09","2018-08-06 02:00:00",delivered
"2018-05-14 21:05:08","2018-05-08 22:32:08","2018-06-12 02:00:00",delivered
"2017-12-08 18:29:17","2017-11-18 12:47:19","2017-12-18 01:00:00",delivered
"2017-05-16 11:42:08","2017-05-11 11:25:21","2017-05-31 02:00:00",delivered
"2018-01-10 19:10:04","2017-12-27 20:29:30","2018-01-26 01:00:00",delivered
"2018-01-11 14:51:51","2018-01-09 12:29:43","2018-01-23 01:00:00",delivered
"2018-06-28 20:22:32","2018-06-23 20:35:22","2018-07-25 02:00:00",delivered
"2018-07-11 17:08:35","2018-07-05 18:40:52","2018-07-30 02:00:00",delivered
"2017-06-22 19:44:53","2017-06-08 23:30:18","2017-07-10 02:00:00",delivered
"2017-10-25 19:07:07","2017-10-17 20:35:10","2017-11-03 01:00:00",delivered
"2017-09-16 00:36:27","2017-09-08 15:50:16","2017-10-02 02:00:00",delivered
"2017-07-21 19:15:29","2017-07-17 11:43:06","2017-08-14 02:00:00",delivered
"2018-05-12 00:08:57","2018-05-07 23:14:16","2018-05-29 02:00:00",delivered
"2018-08-10 18:57:43","2018-08-01 19:24:06","2018-08-23 02:00:00",delivered
"2018-08-28 17:58:50","2018-08-21 12:51:49","2018-09-18 02:00:00",delivered
"2018-05-16 21:08:52","2018-05-05 23:35:18","2018-05-24 02:00:00",delivered
"2018-03-18 19:26:36","2018-03-08 17:31:43","2018-03-20 01:00:00",delivered
"2018-06-25 17:26:32","2018-06-11 15:33:26","2018-07-13 02:00:00",delivered
"2017-06-19 20:06:01","2017-06-15 05:03:40","2017-07-04 02:00:00",delivered
"2017-08-17 20:23:07","2017-08-05 00:04:53","2017-09-01 02:00:00",delivered
"2017-10-30 21:54:05","2017-10-06 20:35:26","2017-11-06 01:00:00",delivered
"2018-06-01 21:41:03","2018-05-19 14:31:36","2018-06-12 02:00:00",delivered
"2017-08-16 19:04:55","2017-08-05 22:05:53","2017-08-29 02:00:00",delivered
"2017-11-13 18:38:40","2017-10-31 11:10:24","2017-11-14 01:00:00",delivered
"2017-09-19 21:54:09","2017-09-12 06:30:15","2017-10-09 02:00:00",delivered
"2018-03-18 18:17:03","2018-03-07 18:20:24","2018-04-04 02:00:00",delivered
"2018-01-23 17:32:29","2018-01-13 16:51:33","2018-02-08 01:00:00",delivered
"2018-06-24 19:41:36","2018-06-19 02:54:46","2018-07-11 02:00:00",delivered
"2018-05-14 14:28:56","2018-03-16 12:49:14","2018-04-11 02:00:00",delivered
"2017-10-26 21:09:48","2017-10-14 05:46:18","2017-11-01 01:00:00",delivered
"2018-08-15 22:38:36","2018-08-07 00:45:09","2018-08-27 02:00:00",delivered
"2018-06-21 19:48:49","2018-06-16 20:57:30","2018-06-29 02:00:00",delivered
"2017-05-24 14:59:33","2017-04-29 22:22:41","2017-06-27 02:00:00",delivered
"2018-03-12 13:53:26","2018-02-17 11:49:50","2018-03-22 01:00:00",delivered
"2018-08-10 22:34:56","2018-08-01 20:31:26","2018-08-24 02:00:00",delivered
"2018-04-12 23:04:01","2018-03-05 00:15:32","2018-03-28 02:00:00",delivered
"2018-04-12 13:36:51","2018-02-23 03:31:22","2018-03-27 02:00:00",delivered
"2017-10-23 21:23:48","2017-10-11 01:09:18","2017-10-31 01:00:00",delivered
"2018-03-08 12:15:57","2018-01-26 14:52:07","2018-02-21 01:00:00",delivered
"2017-02-10 19:43:38","2017-01-28 05:34:44","2017-03-09 01:00:00",delivered
"2017-10-03 20:24:04","2017-09-18 03:15:10","2017-10-04 02:00:00",delivered
"2017-04-11 18:18:08","2017-04-04 01:22:45","2017-05-05 02:00:00",delivered
"2018-06-20 20:52:50","2018-06-04 11:11:43","2018-07-11 02:00:00",delivered
"2017-09-19 16:42:16","2017-09-15 04:25:56","2017-10-02 02:00:00",delivered
"2017-03-10 14:06:28","2017-02-17 18:50:12","2017-03-24 01:00:00",delivered
"2018-03-06 17:59:05","2018-02-05 18:50:41","2018-03-02 01:00:00",delivered
"2017-02-14 15:03:35","2017-01-25 17:02:29","2017-03-23 01:00:00",delivered
"2017-05-09 13:17:09","2017-04-27 16:30:17","2017-06-08 02:00:00",delivered
"2018-07-02 19:19:07","2018-06-16 00:20:30","2018-07-17 02:00:00",delivered
"2017-12-22 18:37:06","2017-12-07 04:12:20","2018-01-08 01:00:00",delivered
"2017-01-30 12:21:56","2017-01-14 16:50:20","2017-02-20 01:00:00",delivered
"2018-08-11 17:54:34","2018-08-01 18:50:14","2018-08-20 02:00:00",delivered
"2018-05-24 02:35:33","2018-05-20 12:58:35","2018-06-04 02:00:00",delivered
"2018-07-06 18:50:48","2018-07-01 23:29:50","2018-07-30 02:00:00",delivered
"2017-06-02 20:03:04","2017-05-23 06:05:23","2017-06-14 02:00:00",delivered
"2018-04-03 00:17:31","2018-03-14 13:00:25","2018-04-03 02:00:00",delivered
"2017-11-14 02:32:39","2017-11-02 03:16:10","2017-12-01 01:00:00",delivered
"2017-10-18 22:27:31","2017-10-04 20:28:17","2017-11-01 01:00:00",delivered
"2018-01-23 22:45:13","2018-01-17 11:10:03","2018-02-01 01:00:00",delivered
"2018-07-26 02:26:49","2018-07-20 14:03:54","2018-07-30 02:00:00",delivered
"2017-12-27 18:42:05","2017-12-14 11:14:22","2018-01-09 01:00:00",delivered
"2018-06-25 15:11:20","2018-06-19 15:57:28","2018-07-19 02:00:00",delivered
"2018-04-12 19:12:13","2018-04-02 15:10:21","2018-04-23 02:00:00",delivered
"2018-07-07 16:41:18","2018-07-05 18:33:06","2018-07-23 02:00:00",delivered
"2017-05-09 14:49:59","2017-04-13 19:42:10","2017-05-10 02:00:00",delivered
"2018-07-27 20:55:57","2018-07-30 01:30:52","2018-08-06 02:00:00",delivered
"2017-07-17 21:02:35","2017-07-05 19:42:57","2017-07-31 02:00:00",delivered
"2018-05-09 21:50:37","2018-05-01 05:15:02","2018-05-15 02:00:00",delivered
"2017-05-10 13:34:12","2017-05-03 16:42:38","2017-06-05 02:00:00",delivered
"2018-06-01 16:46:48","2018-05-26 00:32:39","2018-06-19 02:00:00",delivered
"2017-10-24 22:17:44","2017-10-12 15:49:22","2017-11-06 01:00:00",delivered
"2017-03-27 16:12:27","2017-03-13 12:36:11","2017-04-12 02:00:00",delivered
"2017-12-21 15:22:54","2017-11-21 10:50:30","2017-12-12 01:00:00",delivered
"2017-12-14 01:37:09","2017-11-26 16:56:24","2018-01-02 01:00:00",delivered
"2018-06-12 18:32:33","2018-06-01 17:52:33","2018-07-12 02:00:00",delivered
"2017-12-30 02:39:04","2017-12-23 16:58:25","2018-01-23 01:00:00",delivered
"2017-12-14 16:08:57","2017-12-01 12:32:19","2017-12-26 01:00:00",delivered
"2017-12-11 23:47:16","2017-12-03 21:31:44","2017-12-20 01:00:00",delivered
"2017-10-10 01:02:53","2017-10-04 13:49:17","2017-10-31 01:00:00",delivered
"2018-08-28 01:05:55","2018-08-21 22:50:15","2018-08-31 02:00:00",delivered
"2017-12-01 19:06:48","2017-11-02 16:10:35","2017-11-27 01:00:00",delivered
"2017-06-30 17:27:34","2017-06-23 13:35:14","2017-07-17 02:00:00",delivered
"2018-05-22 01:56:39","2018-05-11 05:50:29","2018-05-29 02:00:00",delivered
"2017-03-01 12:37:25","2017-02-14 05:03:44","2017-03-14 01:00:00",delivered
"2017-09-19 22:12:37","2017-09-13 22:44:14","2017-09-29 02:00:00",delivered
"2018-04-13 21:04:19","2018-04-11 17:12:22","2018-04-27 02:00:00",delivered
"2017-03-30 16:43:16","2017-03-20 00:15:51","2017-04-10 02:00:00",delivered
"2017-11-21 19:23:02","2017-11-07 08:30:43","2017-11-29 01:00:00",delivered
"2017-12-11 16:28:55","2017-11-27 20:58:22","2017-12-15 01:00:00",delivered
"2018-07-24 17:08:39","2018-07-18 18:30:32","2018-08-06 02:00:00",delivered
"2018-05-14 22:31:36","2018-05-06 12:53:01","2018-06-04 02:00:00",delivered
"2017-11-25 14:51:57","2017-11-11 13:26:49","2017-12-11 01:00:00",delivered
"2017-03-21 11:35:41","2017-02-22 07:50:09","2017-03-17 01:00:00",delivered
"2018-03-14 19:48:51","2018-03-07 19:10:15","2018-03-23 01:00:00",delivered
"2018-06-27 14:58:33","2018-06-26 07:37:09","2018-07-05 02:00:00",delivered
"2018-08-18 13:48:58","2018-08-07 08:45:09","2018-08-30 02:00:00",delivered
"2017-08-15 16:43:59","2017-08-04 13:03:38","2017-08-28 02:00:00",delivered
"2018-05-09 19:08:50","2018-05-04 13:35:10","2018-05-22 02:00:00",delivered
"2017-12-06 20:04:52","2017-12-02 09:59:42","2017-12-27 01:00:00",delivered
"2018-01-09 18:09:16","2018-01-02 00:26:49","2018-01-24 01:00:00",delivered
"2017-09-25 22:56:56","2017-09-03 17:30:14","2017-10-10 02:00:00",delivered
"2018-02-24 18:38:49","2018-02-03 01:32:52","2018-03-07 01:00:00",delivered
"2018-07-13 19:45:33","2018-07-12 06:06:09","2018-07-20 02:00:00",delivered
"2017-02-17 18:06:01","2017-02-09 03:43:09","2017-03-02 01:00:00",delivered
"2017-04-07 17:32:47","2017-03-23 14:05:42","2017-04-20 02:00:00",delivered
"2018-08-07 16:21:45","2018-07-31 05:55:21","2018-08-24 02:00:00",delivered
"2018-02-28 21:07:13","2018-02-09 16:54:33","2018-03-09 01:00:00",delivered
"2018-05-18 18:03:07","2018-05-04 22:30:24","2018-05-25 02:00:00",delivered
"2017-12-21 22:17:03","2017-11-26 13:34:38","2017-12-27 01:00:00",delivered
"2018-03-11 20:28:52","2018-02-15 16:27:08","2018-03-07 01:00:00",delivered
"2017-09-12 21:43:56","2017-08-31 07:44:41","2017-09-13 02:00:00",delivered
"2017-02-24 11:37:39","2017-02-11 12:05:19","2017-03-17 01:00:00",delivered
"2017-05-24 15:25:09","2017-05-10 04:42:28","2017-05-29 02:00:00",delivered
"2018-08-30 02:36:25","2018-08-28 06:04:08","2018-08-31 02:00:00",delivered
"2017-02-20 18:08:04","2017-02-06 16:55:38","2017-03-03 01:00:00",delivered
"2018-01-23 22:25:49","2018-01-16 11:12:20","2018-02-14 01:00:00",delivered
"2018-05-21 20:08:30","2018-05-18 15:06:52","2018-05-28 02:00:00",delivered
"2018-01-26 19:59:01","2018-01-22 20:36:36","2018-02-14 01:00:00",delivered
"2018-01-09 17:32:21","2017-11-29 14:12:28","2017-12-27 01:00:00",delivered
"2018-01-05 21:32:44","2017-12-27 05:08:40","2018-02-05 01:00:00",delivered
"2017-12-14 23:57:41","2017-12-12 22:11:32","2017-12-29 01:00:00",delivered
"2018-08-09 23:05:48","2018-08-04 11:45:18","2018-08-16 02:00:00",delivered
"2018-03-02 22:51:59","2018-02-24 10:47:40","2018-03-27 02:00:00",delivered
"2018-08-14 20:06:37","2018-08-05 13:15:13","2018-08-15 02:00:00",delivered
"2017-12-05 20:23:37","2017-11-26 12:54:51","2017-12-15 01:00:00",delivered
"2018-04-14 21:18:26","2018-03-23 12:55:34","2018-04-16 02:00:00",delivered
"2018-06-03 15:06:33","2018-05-19 04:58:58","2018-06-07 02:00:00",delivered
"2017-12-19 12:59:06","2017-12-11 18:11:20","2018-01-18 01:00:00",delivered
"2018-05-23 19:51:15","2018-05-02 17:58:53","2018-05-16 02:00:00",delivered
"2018-02-23 00:49:20","2018-01-25 20:53:22","2018-02-20 01:00:00",delivered
"2018-04-05 19:12:42","2018-03-02 03:10:25","2018-04-02 02:00:00",delivered
"2017-11-29 11:41:33","2017-11-17 00:50:57","2017-12-13 01:00:00",delivered
"2018-02-09 01:44:50","2018-01-04 14:29:16","2018-02-02 01:00:00",delivered
"2018-08-07 00:28:21","2018-08-01 15:44:25","2018-08-17 02:00:00",delivered
"2017-10-21 17:01:19","2017-10-17 19:14:35","2017-10-27 02:00:00",delivered
"2017-11-23 23:58:27","2017-11-16 17:35:33","2017-11-29 01:00:00",delivered
"2018-01-23 22:51:48","2018-01-18 13:56:40","2018-02-09 01:00:00",delivered
"2017-09-20 21:27:41","2017-09-09 07:04:40","2017-10-03 02:00:00",delivered
"2018-08-04 20:26:54","2018-07-30 21:31:59","2018-08-10 02:00:00",delivered
"2017-05-09 18:43:57","2017-04-27 15:15:50","2017-05-16 02:00:00",delivered
"2018-05-04 00:41:04","2018-04-26 12:35:18","2018-06-06 02:00:00",delivered
"2018-04-16 18:24:45","2018-03-01 21:49:07","2018-03-27 02:00:00",delivered
"2018-08-29 03:41:41","2018-08-17 05:10:22","2018-08-22 02:00:00",delivered
"2018-01-31 19:51:53","2018-01-25 09:56:56","2018-02-09 01:00:00",delivered
"2017-09-01 22:41:04","2017-08-16 10:10:14","2017-09-08 02:00:00",delivered
"2018-05-28 18:38:45","2018-05-22 11:36:26","2018-06-13 02:00:00",delivered
"2018-05-17 23:52:12","2018-05-12 02:31:55","2018-06-04 02:00:00",delivered
"2018-01-13 00:18:59","2018-01-04 06:16:06","2018-01-26 01:00:00",delivered
"2017-09-06 16:43:50","2017-09-02 04:45:40","2017-09-13 02:00:00",delivered
"2017-07-25 23:54:23","2017-07-12 21:03:33","2017-08-14 02:00:00",delivered
"2018-06-16 12:12:15","2018-06-14 20:58:12","2018-06-29 02:00:00",delivered
"2018-04-11 14:53:50","2018-03-09 20:08:26","2018-04-04 02:00:00",delivered
"2017-05-15 21:27:34","2017-05-09 18:35:23","2017-06-12 02:00:00",delivered
"2017-11-27 22:59:13","2017-11-17 05:06:21","2017-12-08 01:00:00",delivered
"2017-07-10 15:48:36","2017-06-30 01:23:28","2017-07-19 02:00:00",delivered
"2017-09-12 22:52:38","2017-08-26 12:35:17","2017-09-27 02:00:00",delivered
"2018-01-24 21:18:57","2018-01-15 01:29:16","2018-02-19 01:00:00",delivered
"2018-06-09 22:03:11","2018-06-06 04:53:58","2018-06-21 02:00:00",delivered
"2017-03-14 08:24:12","2017-03-07 05:05:14","2017-03-23 01:00:00",delivered
"2017-07-10 21:07:41","2017-07-05 19:36:19","2017-07-18 02:00:00",delivered
"2017-06-01 18:15:31","2017-05-19 16:25:24","2017-06-12 02:00:00",delivered
"2018-05-04 23:18:36","2018-04-26 00:10:25","2018-05-15 02:00:00",delivered
"2017-10-03 23:13:43","2017-09-15 04:24:49","2017-10-16 02:00:00",delivered
"2017-11-30 23:04:00","2017-11-20 12:56:31","2017-12-08 01:00:00",delivered
"2018-02-01 01:08:55","2018-01-19 19:20:43","2018-02-14 01:00:00",delivered
"2018-05-24 02:31:18","2018-05-07 18:52:39","2018-06-07 02:00:00",delivered
"2018-06-13 20:22:44","2018-05-31 12:30:46","2018-07-11 02:00:00",delivered
"2017-08-04 23:04:49","2017-07-31 23:15:09","2017-08-25 02:00:00",delivered
"2018-06-15 21:14:38","2018-06-01 19:53:11","2018-07-05 02:00:00",delivered
"2018-07-23 19:48:39","2018-07-13 00:25:13","2018-07-27 02:00:00",delivered
"2017-12-20 20:05:03","2017-12-12 04:49:32","2018-01-09 01:00:00",delivered
"2017-12-27 21:41:46","2017-12-11 00:49:19","2018-01-16 01:00:00",delivered
"2017-07-28 20:15:51","2017-07-24 18:25:13","2017-08-15 02:00:00",delivered
"2017-08-07 22:32:51","2017-07-28 01:45:05","2017-08-22 02:00:00",delivered
"2018-04-23 17:32:11","2018-04-19 22:51:20","2018-05-08 02:00:00",delivered
"2017-12-22 18:17:53","2017-11-29 03:18:46","2017-12-26 01:00:00",delivered
"2018-07-23 19:54:34","2018-06-28 12:50:22","2018-08-03 02:00:00",delivered
"2017-10-27 23:44:26","2017-10-16 20:45:47","2017-11-10 01:00:00",delivered
"2018-02-05 20:53:12","2018-01-23 11:29:22","2018-03-01 01:00:00",delivered
"2018-08-27 16:11:55","2018-08-20 18:50:16","2018-08-28 02:00:00",delivered
"2018-05-30 17:48:56","2018-05-28 01:49:24","2018-06-20 02:00:00",delivered
"2017-09-27 18:32:39","2017-09-22 00:50:07","2017-10-17 02:00:00",delivered
"2018-05-16 19:19:18","2018-05-05 02:13:52","2018-06-12 02:00:00",delivered
"2018-01-09 01:45:19","2017-12-20 15:31:37","2018-01-24 01:00:00",delivered
"2018-05-19 00:46:45","2018-05-14 01:11:49","2018-06-01 02:00:00",delivered
"2018-02-27 19:28:43","2018-02-16 10:35:28","2018-03-15 01:00:00",delivered
"2018-01-02 20:43:30","2017-12-12 04:36:30","2018-01-12 01:00:00",delivered
"2017-12-13 13:57:23","2017-12-12 01:05:01","2017-12-28 01:00:00",delivered
"2017-03-15 17:15:42","2017-03-10 12:45:28","2017-03-29 02:00:00",delivered
"2017-11-13 23:33:12","2017-10-28 23:46:29","2017-11-22 01:00:00",delivered
"2018-03-05 21:29:54","2018-02-22 16:27:34","2018-03-14 01:00:00",delivered
"2017-08-01 23:10:36","2017-07-05 08:44:25","2017-08-04 02:00:00",delivered
"2018-05-05 00:19:10","2018-04-25 06:11:10","2018-05-17 02:00:00",delivered
"2018-08-24 16:58:37","2018-08-16 16:05:13","2018-09-04 02:00:00",delivered
"2017-09-19 18:58:58","2017-08-28 22:44:52","2017-09-28 02:00:00",delivered
"2018-07-03 06:42:39","2018-06-27 18:29:31","2018-07-19 02:00:00",delivered
"2017-10-23 22:54:05","2017-10-17 19:46:49","2017-11-06 01:00:00",delivered
"2018-01-22 16:25:33","2018-01-06 22:49:26","2018-02-07 01:00:00",delivered
"2018-03-05 20:08:17","2018-02-15 13:15:32","2018-03-09 01:00:00",delivered
"2017-10-31 21:22:51","2017-10-26 22:46:38","2017-11-14 01:00:00",delivered
"2018-03-09 21:13:22","2018-03-06 04:55:59","2018-03-15 01:00:00",delivered
"2018-06-30 15:50:47","2018-06-26 07:12:58","2018-07-23 02:00:00",delivered
"2017-10-27 23:23:49","2017-10-22 16:49:15","2017-11-10 01:00:00",delivered
"2017-10-18 21:32:17","2017-09-20 13:50:10","2017-10-19 02:00:00",delivered
"2018-08-07 21:32:24","2018-07-31 22:55:33","2018-08-20 02:00:00",delivered
"2018-04-17 19:37:54","2018-03-11 01:00:30","2018-04-02 02:00:00",delivered
"2018-07-25 16:08:33","2018-07-20 14:43:35","2018-08-01 02:00:00",delivered
"2017-10-10 23:27:50","2017-10-05 01:35:24","2017-10-30 01:00:00",delivered
"2018-02-02 20:24:24","2018-01-22 14:53:51","2018-02-14 01:00:00",delivered
"2018-08-06 18:12:24","2018-08-01 23:45:18","2018-08-20 02:00:00",delivered
"2017-03-28 15:20:16","2017-03-06 22:25:18","2017-03-30 02:00:00",delivered
"2017-07-13 22:27:55","2017-07-08 19:45:18","2017-07-28 02:00:00",delivered
"2017-05-24 00:13:35","2017-05-11 23:45:17","2017-06-01 02:00:00",delivered
"2018-01-29 22:49:43","2018-01-22 16:38:22","2018-02-14 01:00:00",delivered
"2018-03-21 21:32:39","2018-03-10 22:40:32","2018-03-28 02:00:00",delivered
"2018-08-10 21:12:18","2018-08-09 05:45:13","2018-08-15 02:00:00",delivered
"2017-12-29 14:17:54","2017-12-27 21:35:30","2018-01-16 01:00:00",delivered
"2017-04-20 19:38:07","2017-04-16 03:05:16","2017-05-08 02:00:00",delivered
"2018-04-25 20:11:42","2018-04-17 07:50:27","2018-05-09 02:00:00",delivered
"2017-09-24 13:29:16","2017-09-11 17:50:47","2017-10-09 02:00:00",delivered
"2017-03-11 09:32:59","2017-02-25 15:50:18","2017-03-28 02:00:00",delivered
"2018-06-09 02:14:23","2018-05-19 04:59:02","2018-06-13 02:00:00",delivered
"2017-10-22 16:16:51","2017-09-16 11:35:12","2017-10-09 02:00:00",delivered
"2018-03-23 15:34:43","2018-02-28 10:56:35","2018-04-04 02:00:00",delivered
"2017-04-04 19:18:03","2017-03-25 03:32:36","2017-04-24 02:00:00",delivered
"2018-06-26 21:14:58","2018-06-15 22:41:15","2018-07-17 02:00:00",delivered
"2017-06-19 22:13:30","2017-06-02 22:05:12","2017-06-23 02:00:00",delivered
"2018-07-27 18:18:46","2018-07-13 21:45:10","2018-07-30 02:00:00",delivered
"2018-05-02 22:24:30","2018-04-30 13:35:38","2018-05-09 02:00:00",delivered
"2017-03-16 14:35:37","2017-03-08 20:55:23","2017-03-27 02:00:00",delivered
"2018-05-14 18:39:50","2018-05-08 06:54:49","2018-05-22 02:00:00",delivered
"2017-05-15 14:47:31","2017-05-03 16:45:23","2017-05-25 02:00:00",delivered
"2018-03-10 01:12:46","2018-02-17 17:50:36","2018-03-13 01:00:00",delivered
"2018-06-05 17:38:50","2018-05-16 16:55:29","2018-06-05 02:00:00",delivered
"2017-06-26 18:21:57","2017-06-19 20:10:19","2017-07-10 02:00:00",delivered
"2017-11-30 14:08:44","2017-11-26 12:31:40","2017-12-12 01:00:00",delivered
"2018-04-04 19:12:36","2018-01-19 02:21:52","2018-02-16 01:00:00",delivered
"2017-11-28 23:18:26","2017-11-23 15:49:06","2017-12-07 01:00:00",delivered
"2018-04-24 16:31:22","2018-04-16 16:35:18","2018-05-09 02:00:00",delivered
"2018-05-26 02:08:34","2018-05-05 11:39:09","2018-06-08 02:00:00",delivered
"2018-03-15 23:05:41","2018-03-06 16:00:24","2018-03-26 02:00:00",delivered
"2017-07-03 18:05:05","2017-06-21 04:26:00","2017-07-12 02:00:00",delivered
"2017-08-14 16:25:40","2017-08-03 05:06:30","2017-08-15 02:00:00",delivered
"2018-05-03 21:58:28","2018-04-29 00:15:14","2018-05-15 02:00:00",delivered
"2017-10-27 23:12:51","2017-10-12 22:36:27","2017-11-09 01:00:00",delivered
"2018-01-20 02:36:58","2017-12-11 12:58:24","2018-01-05 01:00:00",delivered
"2017-11-29 18:58:43","2017-11-18 20:06:16","2017-12-05 01:00:00",delivered
"2017-07-25 21:42:50","2017-07-05 19:41:46","2017-07-27 02:00:00",delivered
"2018-06-19 20:50:58","2018-05-23 16:37:15","2018-07-05 02:00:00",delivered
"2018-01-12 23:04:29","2017-12-16 16:49:52","2018-01-11 01:00:00",delivered
"2018-04-20 19:28:56","2018-04-12 17:15:27","2018-05-07 02:00:00",delivered
"2018-08-03 22:38:29","2018-07-28 20:35:13","2018-08-16 02:00:00",delivered
"2018-02-05 20:17:15","2018-01-28 13:00:34","2018-02-21 01:00:00",delivered
"2017-09-14 17:43:52","2017-09-01 04:15:13","2017-09-25 02:00:00",delivered
"2018-03-07 00:49:06","2018-02-27 06:31:00","2018-03-15 01:00:00",delivered
"2017-12-14 17:32:01","2017-12-11 08:58:24","2017-12-28 01:00:00",delivered
"2018-01-04 00:13:15","2017-12-18 01:33:04","2018-01-16 01:00:00",delivered
"2017-09-19 20:57:33","2017-09-17 21:05:22","2017-10-04 02:00:00",delivered
"2018-04-07 02:21:58","2018-03-31 14:35:11","2018-04-20 02:00:00",delivered
"2017-05-23 09:52:33","2017-05-16 05:22:50","2017-06-02 02:00:00",delivered
"2018-05-18 17:56:43","2018-05-10 20:17:57","2018-06-01 02:00:00",delivered
"2018-06-28 23:46:43","2018-06-24 19:18:18","2018-07-24 02:00:00",delivered
"2018-07-31 19:08:30","2018-07-25 09:50:10","2018-08-08 02:00:00",delivered
"2018-02-24 16:28:49","2018-02-12 18:47:58","2018-03-15 01:00:00",delivered
"2017-05-19 18:59:52","2017-05-06 13:30:19","2017-05-30 02:00:00",delivered
"2017-12-19 15:36:15","2017-11-30 12:13:21","2017-12-22 01:00:00",delivered
"2017-02-21 16:36:07","2017-02-10 17:50:17","2017-03-13 01:00:00",delivered
"2018-03-01 00:53:38","2018-02-19 02:47:38","2018-03-12 01:00:00",delivered
"2018-08-28 18:12:10","2018-08-24 12:10:20","2018-08-30 02:00:00",delivered
"2018-08-07 22:28:32","2018-07-20 13:46:15","2018-08-20 02:00:00",delivered
"2018-07-31 13:02:27","2018-07-23 16:31:04","2018-08-14 02:00:00",delivered
"2017-12-05 02:27:40","2017-11-26 14:35:21","2017-12-15 01:00:00",delivered
"2017-11-23 17:39:05","2017-11-19 21:15:27","2017-12-01 01:00:00",delivered
"2018-06-18 20:24:40","2018-06-03 12:49:57","2018-07-16 02:00:00",delivered
"2017-11-24 19:03:13","2017-11-13 17:56:00","2017-12-04 01:00:00",delivered
"2017-12-08 01:52:11","2017-12-01 12:31:09","2017-12-29 01:00:00",delivered
"2016-10-13 17:44:27","2016-10-06 17:44:26","2016-11-29 01:00:00",delivered
"2017-05-28 14:22:32","2017-05-23 22:35:07","2017-06-05 02:00:00",delivered
"2018-07-06 16:23:14","2018-06-22 15:58:17","2018-07-31 02:00:00",delivered
"2018-01-20 16:26:28","2017-11-23 23:37:27","2017-12-22 01:00:00",delivered
"2018-02-01 20:18:05","2018-01-26 19:52:02","2018-02-22 01:00:00",delivered
"2018-05-06 18:42:23","2018-04-24 19:43:45","2018-05-18 02:00:00",delivered
"2018-01-09 14:53:45","2017-12-19 10:58:26","2018-01-17 01:00:00",delivered
"2018-08-09 17:09:10","2018-08-03 18:45:15","2018-09-05 02:00:00",delivered
"2017-12-28 22:58:42","2017-12-01 22:55:18","2018-01-02 01:00:00",delivered
"2018-06-26 19:07:43","2018-06-21 13:01:15","2018-07-18 02:00:00",delivered
"2018-08-04 12:31:38","2018-07-24 13:32:16","2018-08-16 02:00:00",delivered
"2017-09-19 17:35:03","2017-09-06 13:03:50","2017-09-25 02:00:00",delivered
"2018-09-01 20:14:42","2018-08-15 05:15:15","2018-08-23 02:00:00",delivered
"2018-08-18 14:08:54","2018-08-08 03:35:09","2018-08-24 02:00:00",delivered
"2018-08-03 16:43:03","2018-07-18 20:55:28","2018-08-13 02:00:00",delivered
"2017-01-30 13:37:55","2017-01-22 15:30:43","2017-02-16 01:00:00",delivered
"2018-04-17 21:38:22","2018-04-08 15:30:24","2018-05-07 02:00:00",delivered
"2018-02-14 22:43:34","2018-01-29 22:32:17","2018-02-21 01:00:00",delivered
"2017-07-04 15:59:41","2017-06-28 04:45:12","2017-07-10 02:00:00",delivered
"2018-05-07 16:57:45","2018-05-04 00:13:10","2018-05-21 02:00:00",delivered
"2018-04-11 03:19:34","2018-03-30 23:27:23","2018-04-27 02:00:00",delivered
"2018-04-10 00:08:51","2018-03-12 19:00:56","2018-04-03 02:00:00",delivered
"2018-02-26 22:28:51","2018-02-21 19:55:31","2018-03-07 01:00:00",delivered
"2018-06-26 20:58:22","2018-06-20 19:01:07","2018-07-19 02:00:00",delivered
"2018-05-11 03:48:54","2018-05-07 20:09:48","2018-05-17 02:00:00",delivered
"2017-09-26 18:48:01","2017-09-01 04:30:13","2017-10-05 02:00:00",delivered
"2017-06-29 13:06:37","2017-06-17 01:30:10","2017-08-02 02:00:00",delivered
"2017-05-19 14:57:35","2017-05-07 16:05:12","2017-05-31 02:00:00",delivered
"2018-08-14 06:04:40","2018-07-17 23:35:17","2018-08-03 02:00:00",delivered
"2018-08-06 15:28:35","2018-08-02 15:15:22","2018-08-09 02:00:00",delivered
"2017-03-21 12:43:57","2017-02-26 18:45:14","2017-03-24 01:00:00",delivered
"2017-11-03 21:23:02","2017-10-24 11:28:10","2017-11-16 01:00:00",delivered
"2018-04-25 15:33:24","2018-04-10 01:10:27","2018-05-10 02:00:00",delivered
"2018-05-28 19:24:48","2018-05-24 20:54:28","2018-06-11 02:00:00",delivered
"2018-06-07 17:58:37","2018-05-16 14:39:38","2018-06-08 02:00:00",delivered
"2017-11-17 14:49:40","2017-11-16 15:08:23","2017-11-29 01:00:00",delivered
"2017-06-13 18:48:22","2017-06-05 10:55:16","2017-06-30 02:00:00",delivered
"2018-02-06 23:33:04","2018-01-12 03:35:45","2018-02-07 01:00:00",delivered
"2018-04-27 13:58:45","2018-04-13 15:15:45","2018-05-22 02:00:00",delivered
"2018-04-26 17:03:49","2018-04-06 21:30:14","2018-05-04 02:00:00",delivered
"2018-07-05 17:18:47","2018-06-27 14:08:25","2018-07-18 02:00:00",delivered
"2017-10-26 20:30:45","2017-10-18 18:07:43","2017-11-10 01:00:00",delivered
"2017-11-29 23:48:59","2017-11-16 18:16:09","2017-12-21 01:00:00",delivered
"2018-04-06 04:02:43","2018-03-21 16:48:35","2018-04-10 02:00:00",delivered
"2017-05-29 18:52:10","2017-05-25 16:02:20","2017-06-07 02:00:00",delivered
"2017-12-09 18:42:09","2017-11-28 02:31:28","2017-12-22 01:00:00",delivered
"2017-08-23 18:24:07","2017-08-05 16:55:13","2017-09-06 02:00:00",delivered
"2017-08-25 23:12:14","2017-08-20 13:25:05","2017-09-01 02:00:00",delivered
"2018-07-25 16:02:27","2018-07-13 16:50:13","2018-07-31 02:00:00",delivered
"2017-12-28 23:19:10","2017-12-06 03:35:35","2018-01-05 01:00:00",delivered
"2017-05-19 18:36:08","2017-05-06 15:02:28","2017-06-02 02:00:00",delivered
"2018-05-09 17:08:44","2018-04-13 14:55:48","2018-05-09 02:00:00",delivered
"2017-05-10 14:48:08","2017-04-16 00:15:10","2017-05-08 02:00:00",delivered
"2018-01-31 20:08:40","2017-12-09 03:36:21","2018-01-11 01:00:00",delivered
"2017-04-18 16:29:48","2017-03-30 01:25:13","2017-05-11 02:00:00",delivered
"2017-11-23 22:48:41","2017-10-24 19:56:20","2017-11-17 01:00:00",delivered
"2018-03-28 20:21:15","2018-03-23 17:50:56","2018-04-11 02:00:00",delivered
"2017-06-07 19:40:04","2017-06-05 13:55:15","2017-06-19 02:00:00",delivered
"2018-01-16 19:43:16","2017-12-28 21:08:04","2018-01-31 01:00:00",delivered
"2018-01-31 23:57:06","2018-01-26 17:19:16","2018-02-19 01:00:00",delivered
"2018-04-23 16:57:48","2018-03-24 13:08:19","2018-04-23 02:00:00",delivered
"2018-05-18 00:54:50","2018-05-14 18:36:58","2018-05-28 02:00:00",delivered
"2017-08-11 16:40:06","2017-08-02 15:30:13","2017-08-22 02:00:00",delivered
"2017-03-17 13:42:09","2017-03-07 12:55:18","2017-03-28 02:00:00",delivered
"2017-06-19 20:33:40","2017-06-11 20:02:36","2017-06-28 02:00:00",delivered
"2018-03-28 00:06:48","2018-02-25 20:07:29","2018-03-27 02:00:00",delivered
"2018-01-18 22:42:54","2018-01-12 00:10:26","2018-01-26 01:00:00",delivered
"2017-11-17 19:58:42","2017-11-09 18:08:27","2017-12-07 01:00:00",delivered
"2017-11-18 00:59:11","2017-10-12 23:56:20","2017-11-13 01:00:00",delivered
"2017-08-14 22:37:25","2017-08-03 12:50:24","2017-09-06 02:00:00",delivered
"2018-06-25 18:34:43","2018-06-14 04:17:48","2018-07-11 02:00:00",delivered
"2017-03-29 13:45:41","2017-03-26 03:05:12","2017-04-13 02:00:00",delivered
"2018-03-14 17:04:34","2018-03-07 11:29:08","2018-03-22 01:00:00",delivered
"2018-08-06 19:40:28","2018-07-17 02:35:16","2018-08-06 02:00:00",delivered
"2017-07-28 21:03:09","2017-07-12 04:10:49","2017-08-14 02:00:00",delivered
"2018-03-02 23:15:36","2018-01-29 14:30:16","2018-02-22 01:00:00",delivered
"2017-10-30 21:54:30","2017-10-22 18:21:22","2017-11-09 01:00:00",delivered
"2018-06-29 00:03:55","2018-06-24 13:58:02","2018-07-16 02:00:00",delivered
"2017-05-05 16:56:03","2017-03-27 16:15:21","2017-05-02 02:00:00",delivered
"2017-11-01 20:32:24","2017-10-27 21:15:19","2017-11-09 01:00:00",delivered
"2018-07-24 22:15:34","2018-07-16 11:04:17","2018-08-07 02:00:00",delivered
"2018-01-31 19:58:36","2018-01-11 19:49:22","2018-02-09 01:00:00",delivered
"2018-01-10 21:46:45","2017-12-25 21:28:19","2018-01-15 01:00:00",delivered
"2017-03-20 08:23:36","2017-03-05 23:55:40","2017-04-04 02:00:00",delivered
"2017-12-27 11:19:26","2017-12-17 12:32:26","2018-01-11 01:00:00",delivered
"2018-02-21 22:26:15","2018-01-13 20:30:09","2018-03-01 01:00:00",delivered
"2018-08-20 23:05:18","2018-08-14 18:30:18","2018-08-29 02:00:00",delivered
"2018-02-07 18:27:46","2018-01-27 03:52:27","2018-02-26 01:00:00",delivered
"2018-01-31 19:33:28","2018-01-20 13:51:00","2018-02-14 01:00:00",delivered
"2018-06-07 22:06:04","2018-05-22 11:36:22","2018-06-28 02:00:00",delivered
"2017-12-20 18:22:29","2017-11-28 11:40:55","2017-12-22 01:00:00",delivered
"2018-06-27 20:28:25","2018-06-16 22:18:50","2018-07-16 02:00:00",delivered
"2017-05-16 10:57:50","2017-04-30 20:45:15","2017-05-25 02:00:00",delivered
"2017-02-20 13:29:30","2017-02-12 14:02:08","2017-03-16 01:00:00",delivered
"2018-03-23 19:42:48","2018-02-28 11:50:10","2018-04-09 02:00:00",delivered
"2017-03-20 16:04:03","2017-03-07 07:45:09","2017-04-07 02:00:00",delivered
"2018-02-21 14:39:15","2018-02-10 13:07:44","2018-03-06 01:00:00",delivered
"2018-06-14 16:51:45","2018-05-28 15:14:03","2018-07-11 02:00:00",delivered
"2018-05-19 13:18:41","2018-05-14 13:58:12","2018-06-18 02:00:00",delivered
"2017-11-29 20:11:53","2017-11-14 05:06:46","2017-11-27 01:00:00",delivered
"2018-04-17 21:24:33","2018-04-13 14:55:32","2018-04-26 02:00:00",delivered
"2017-11-08 22:33:01","2017-10-25 21:07:39","2017-11-13 01:00:00",delivered
"2017-12-01 22:38:57","2017-11-22 03:40:02","2017-12-15 01:00:00",delivered
"2017-08-21 19:58:06","2017-08-15 00:05:27","2017-09-01 02:00:00",delivered
"2017-12-28 17:37:08","2017-12-23 03:12:41","2018-01-30 01:00:00",delivered
"2017-03-09 10:26:09","2017-03-01 19:41:59","2017-04-03 02:00:00",delivered
"2018-08-21 00:03:36","2018-08-10 10:50:10","2018-08-27 02:00:00",delivered
"2017-07-27 21:04:48","2017-07-21 04:50:48","2017-08-10 02:00:00",delivered
"2018-07-26 22:44:34","2018-07-18 23:50:23","2018-08-08 02:00:00",delivered
"2017-01-30 16:06:11","2017-01-23 21:55:19","2017-02-16 01:00:00",delivered
"2018-07-28 02:40:52","2018-07-23 15:20:17","2018-08-09 02:00:00",delivered
"2018-08-21 13:48:48","2018-08-14 13:44:06","2018-09-05 02:00:00",delivered
"2017-04-11 16:25:21","2017-04-03 21:22:45","2017-05-15 02:00:00",delivered
"2017-05-12 14:22:06","2017-04-20 23:15:11","2017-05-17 02:00:00",delivered
"2017-08-03 19:37:44","2017-07-26 16:03:01","2017-08-15 02:00:00",delivered
"2018-07-06 00:52:28","2018-07-05 18:31:26","2018-07-19 02:00:00",delivered
"2018-04-19 17:38:45","2018-04-05 20:50:14","2018-04-26 02:00:00",delivered
"2017-05-31 10:18:34","2017-05-16 23:45:16","2017-06-08 02:00:00",delivered
"2017-08-07 19:43:07","2017-07-18 08:03:49","2017-08-09 02:00:00",delivered
"2017-12-22 18:44:27","2017-11-19 14:35:26","2017-12-12 01:00:00",delivered
"2017-09-19 19:54:20","2017-09-09 08:34:59","2017-09-26 02:00:00",delivered
"2018-06-07 14:21:51","2018-05-28 12:53:35","2018-06-28 02:00:00",delivered
"2018-06-16 20:32:49","2018-06-09 21:11:01","2018-07-03 02:00:00",delivered
"2018-07-30 21:44:49","2018-07-23 18:05:15","2018-08-20 02:00:00",delivered
"2017-09-25 20:46:24","2017-09-11 21:50:23","2017-10-11 02:00:00",delivered
"2017-02-01 01:52:30","2017-01-25 03:55:21","2017-03-16 01:00:00",delivered
"2017-05-23 15:19:32","2017-05-14 17:10:13","2017-06-06 02:00:00",delivered
"2017-09-06 21:46:59","2017-08-28 20:55:17","2017-09-08 02:00:00",delivered
"2018-07-05 23:48:42","2018-06-30 21:55:10","2018-07-24 02:00:00",delivered
"2018-04-09 15:32:46","2018-03-17 13:50:30","2018-04-13 02:00:00",delivered
"2017-08-16 22:34:51","2017-08-11 08:45:09","2017-08-30 02:00:00",delivered
"2018-06-16 18:44:34","2018-06-08 01:53:58","2018-06-26 02:00:00",delivered
"2018-06-22 19:58:39","2018-06-20 12:21:32","2018-07-03 02:00:00",delivered
"2017-03-16 13:45:39","2017-03-09 17:18:47","2017-04-06 02:00:00",delivered
"2017-10-05 23:56:00","2017-10-01 12:24:04","2017-10-18 02:00:00",delivered
"2018-01-17 19:47:03","2018-01-10 15:09:26","2018-02-01 01:00:00",delivered
"2018-03-14 17:27:39","2018-03-08 18:00:37","2018-04-04 02:00:00",delivered
"2018-06-09 21:36:43","2018-05-07 19:56:21","2018-05-30 02:00:00",delivered
"2018-01-11 16:23:50","2017-12-18 00:53:53","2018-01-19 01:00:00",delivered
"2018-01-04 21:26:46","2017-11-28 04:44:52","2017-12-19 01:00:00",delivered
"2018-07-05 18:08:33","2018-06-29 10:35:16","2018-08-13 02:00:00",delivered
"2018-07-31 21:18:49","2018-07-27 17:35:19","2018-08-06 02:00:00",delivered
"2017-05-10 11:03:40","2017-05-05 16:02:30","2017-05-26 02:00:00",delivered
"2018-05-17 23:43:34","2018-04-14 20:52:37","2018-05-09 02:00:00",delivered
"2018-04-09 21:16:42","2018-03-29 10:27:08","2018-04-16 02:00:00",delivered
"2018-08-28 17:11:50","2018-08-26 00:30:10","2018-09-20 02:00:00",delivered
"2017-07-09 15:43:40","2017-06-17 19:10:17","2017-07-13 02:00:00",delivered
"2017-12-18 19:42:42","2017-11-25 02:31:23","2017-12-26 01:00:00",delivered
"2018-01-29 16:48:31","2018-01-26 04:16:31","2018-02-19 01:00:00",delivered
"2017-06-16 23:37:34","2017-06-07 04:30:13","2017-06-20 02:00:00",delivered
"2018-07-31 21:22:12","2018-07-25 15:35:14","2018-08-15 02:00:00",delivered
"2017-08-05 15:23:52","2017-07-23 20:05:25","2017-08-17 02:00:00",delivered
"2017-07-18 21:53:36","2017-07-11 19:55:20","2017-07-24 02:00:00",delivered
"2018-05-18 00:28:30","2018-04-16 16:33:17","2018-05-10 02:00:00",delivered
"2018-08-22 19:32:28","2018-08-15 19:04:00","2018-08-27 02:00:00",delivered
"2018-07-23 16:42:45","2018-07-16 14:10:11","2018-08-02 02:00:00",delivered
"2018-01-10 16:57:20","2018-01-02 18:56:43","2018-01-24 01:00:00",delivered
"2017-04-19 15:53:15","2017-04-04 00:30:18","2017-05-04 02:00:00",delivered
"2017-07-03 15:39:31","2017-06-27 05:45:23","2017-07-18 02:00:00",delivered
"2017-11-14 18:47:07","2017-10-27 14:28:41","2017-11-21 01:00:00",delivered
"2018-06-15 00:28:26","2018-06-13 11:57:08","2018-06-28 02:00:00",delivered
"2018-02-22 14:27:53","2018-02-06 05:33:11","2018-03-06 01:00:00",delivered
"2018-06-18 20:20:48","2018-06-12 12:21:14","2018-07-24 02:00:00",delivered
"2018-08-17 01:21:14","2018-08-12 21:45:23","2018-08-22 02:00:00",delivered
"2018-05-01 03:15:45","2018-04-24 21:23:22","2018-05-17 02:00:00",delivered
"2017-11-08 03:42:06","2017-11-04 12:25:22","2017-11-16 01:00:00",delivered
"2017-05-11 22:16:48","2017-04-26 11:37:59","2017-05-16 02:00:00",delivered
"2018-04-16 22:08:25","2018-04-04 11:48:58","2018-04-20 02:00:00",delivered
"2018-06-01 18:12:31","2018-05-18 18:58:18","2018-06-11 02:00:00",delivered
"2017-03-28 15:48:15","2017-03-15 16:54:53","2017-04-05 02:00:00",delivered
"2017-11-20 23:42:38","2017-11-14 09:26:37","2017-12-01 01:00:00",delivered
"2018-08-25 21:04:45","2018-08-20 22:50:06","2018-09-17 02:00:00",delivered
"2017-05-19 16:13:02","2017-05-12 13:05:13","2017-06-05 02:00:00",delivered
"2018-07-13 18:28:52","2018-07-05 18:16:24","2018-08-02 02:00:00",delivered
"2018-04-06 19:45:29","2018-03-08 11:08:48","2018-03-28 02:00:00",delivered
"2017-04-06 14:38:15","2017-03-25 20:25:18","2017-04-20 02:00:00",delivered
"2017-12-06 18:37:11","2017-11-25 02:31:35","2017-12-15 01:00:00",delivered
"2017-09-18 21:47:50","2017-09-08 13:05:18","2017-10-04 02:00:00",delivered
"2018-08-28 19:36:21","2018-08-26 01:45:14","2018-09-04 02:00:00",delivered
"2018-02-27 18:28:30","2018-02-18 01:26:32","2018-03-12 01:00:00",delivered
"2018-08-23 00:34:34","2018-08-21 01:15:15","2018-08-28 02:00:00",delivered
"2018-02-16 15:53:06","2018-02-08 08:35:58","2018-03-07 01:00:00",delivered
"2018-03-23 19:45:50","2018-03-17 21:16:07","2018-04-11 02:00:00",delivered
"2018-06-15 19:27:44","2018-06-11 18:42:16","2018-06-28 02:00:00",delivered
"2018-05-28 18:08:59","2018-05-10 13:36:17","2018-06-21 02:00:00",delivered
"2018-02-24 16:27:31","2018-02-20 08:27:16","2018-03-15 01:00:00",delivered
"2017-05-10 09:47:41","2017-04-20 04:55:33","2017-05-23 02:00:00",delivered
"2017-04-15 08:52:47","2017-04-12 04:25:12","2017-05-04 02:00:00",delivered
"2017-11-07 22:28:49","2017-10-31 05:15:17","2017-11-28 01:00:00",delivered
"2018-05-21 15:44:46","2018-05-12 12:12:15","2018-06-07 02:00:00",delivered
"2018-03-13 00:36:07","2018-02-23 03:08:59","2018-03-13 01:00:00",delivered
"2018-04-05 23:37:26","2018-03-01 18:09:42","2018-03-19 01:00:00",delivered
"2017-11-08 11:55:38","2017-10-25 12:14:27","2017-12-06 01:00:00",delivered
"2018-04-04 02:21:27","2018-03-23 22:08:15","2018-04-12 02:00:00",delivered
"2018-04-19 02:34:37","2018-04-13 23:50:57","2018-05-23 02:00:00",delivered
"2018-06-25 22:21:34","2018-06-16 21:58:28","2018-07-16 02:00:00",delivered
"2017-08-07 22:45:46","2017-07-29 14:35:14","2017-08-18 02:00:00",delivered
"2018-05-22 20:12:23","2018-05-16 18:57:04","2018-05-30 02:00:00",delivered
"2017-09-27 19:32:26","2017-09-14 21:25:18","2017-10-10 02:00:00",delivered
"2018-02-06 18:13:15","2018-01-17 08:29:51","2018-02-16 01:00:00",delivered
"2018-04-23 12:41:24","2018-03-14 17:10:39","2018-04-16 02:00:00",delivered
"2017-08-29 10:15:48","2017-08-11 10:55:06","2017-09-18 02:00:00",delivered
"2017-04-10 22:48:13","2017-04-04 15:25:20","2017-05-04 02:00:00",delivered
"2018-05-17 16:48:44","2018-05-15 06:52:38","2018-05-25 02:00:00",delivered
"2017-04-05 14:42:54","2017-03-31 13:42:29","2017-05-03 02:00:00",delivered
"2018-02-16 13:33:48","2018-02-01 18:33:10","2018-03-02 01:00:00",delivered
"2018-05-02 21:20:53","2018-04-24 21:00:05","2018-05-29 02:00:00",delivered
"2017-05-26 16:45:57","2017-05-18 11:45:14","2017-06-08 02:00:00",delivered
"2018-08-28 18:46:41","2018-08-23 03:30:12","2018-08-28 02:00:00",delivered
"2018-07-06 20:48:35","2018-07-02 16:30:40","2018-07-20 02:00:00",delivered
"2017-09-01 22:13:10","2017-08-26 13:50:13","2017-09-14 02:00:00",delivered
"2017-11-16 22:31:55","2017-11-07 10:35:32","2017-11-30 01:00:00",delivered
"2017-12-02 22:08:47","2017-11-20 17:47:01","2017-12-11 01:00:00",delivered
"2018-08-17 22:51:49","2018-08-10 17:10:27","2018-08-30 02:00:00",delivered
"2018-02-17 20:19:00","2018-01-24 21:19:22","2018-02-16 01:00:00",delivered
"2018-03-13 00:56:17","2018-02-20 08:15:29","2018-03-13 01:00:00",delivered
"2018-02-07 23:58:39","2018-01-31 22:15:26","2018-02-22 01:00:00",delivered
"2017-10-18 21:32:50","2017-10-13 12:28:15","2017-11-06 01:00:00",delivered
"2017-12-05 19:19:02","2017-11-24 20:33:08","2017-12-08 01:00:00",delivered
"2017-07-12 21:59:22","2017-06-17 05:48:11","2017-07-20 02:00:00",delivered
"2017-12-13 18:35:03","2017-12-01 12:31:59","2017-12-26 01:00:00",delivered
"2018-02-24 14:12:53","2018-01-23 04:52:57","2018-02-15 01:00:00",delivered
"2018-02-06 22:56:52","2018-02-01 15:55:28","2018-02-26 01:00:00",delivered
"2018-05-15 16:15:31","2018-04-27 00:55:14","2018-06-01 02:00:00",delivered
"2018-07-26 18:42:42","2018-07-23 13:31:43","2018-08-15 02:00:00",delivered
"2017-05-18 16:44:11","2017-05-14 21:10:18","2017-05-24 02:00:00",delivered
"2017-08-29 21:41:49","2017-08-16 05:26:11","2017-09-13 02:00:00",delivered
"2018-01-31 18:08:35","2018-01-30 05:31:29","2018-02-16 01:00:00",delivered
"2018-06-08 20:48:24","2018-05-22 09:55:10","2018-06-14 02:00:00",delivered
"2018-02-27 14:39:14","2018-02-14 17:50:37","2018-03-07 01:00:00",delivered
"2018-03-06 14:38:58","2018-03-02 12:15:45","2018-03-14 01:00:00",delivered
"2018-04-24 21:28:56","2018-04-17 19:10:42","2018-05-07 02:00:00",delivered
"2017-01-16 16:18:08","2017-01-07 04:44:28","2017-02-13 01:00:00",delivered
"2018-07-23 17:51:06","2018-07-17 06:31:53","2018-08-07 02:00:00",delivered
"2018-01-03 20:24:57","2017-11-28 08:59:26","2017-12-26 01:00:00",delivered
"2018-06-13 22:41:21","2018-06-07 00:12:13","2018-07-18 02:00:00",delivered
"2017-08-25 22:12:31","2017-08-22 21:06:03","2017-09-06 02:00:00",delivered
"2018-03-14 01:58:46","2018-03-02 03:15:27","2018-03-19 01:00:00",delivered
"2017-07-28 23:10:50","2017-07-27 13:25:23","2017-08-15 02:00:00",delivered
"2017-08-10 17:08:35","2017-08-07 01:55:16","2017-09-06 02:00:00",delivered
"2017-07-31 15:35:52","2017-07-16 11:25:08","2017-08-11 02:00:00",delivered
"2018-08-23 20:40:41","2018-08-18 09:55:16","2018-09-04 02:00:00",delivered
"2017-02-08 15:47:25","2017-01-26 17:35:22","2017-02-22 01:00:00",delivered
"2018-04-03 22:42:52","2018-03-16 15:10:57","2018-04-11 02:00:00",delivered
"2018-04-20 01:31:32","2018-04-18 12:11:00","2018-05-04 02:00:00",delivered
"2018-03-31 16:18:36","2018-03-11 23:28:09","2018-04-03 02:00:00",delivered
"2017-12-12 00:13:13","2017-11-26 04:51:10","2017-12-28 01:00:00",delivered
"2018-06-21 01:08:27","2018-06-11 18:00:43","2018-07-17 02:00:00",delivered
"2017-02-15 19:51:40","2017-02-03 00:35:17","2017-03-21 01:00:00",delivered
"2018-08-08 15:48:22","2018-08-02 22:50:19","2018-08-17 02:00:00",delivered
"2018-03-29 18:19:02","2018-03-25 18:55:50","2018-04-06 02:00:00",delivered
"2018-07-27 23:41:38","2018-07-24 13:31:40","2018-08-08 02:00:00",delivered
"2017-07-18 19:03:18","2017-07-10 20:25:20","2017-08-10 02:00:00",delivered
"2018-08-16 21:58:31","2018-08-14 03:25:13","2018-08-20 02:00:00",delivered
"2018-07-27 18:58:54","2018-07-13 21:10:22","2018-08-02 02:00:00",delivered
"2017-08-02 19:37:22","2017-07-22 04:15:47","2017-08-21 02:00:00",delivered
"2017-07-04 16:41:48","2017-06-20 12:35:28","2017-07-11 02:00:00",delivered
"2017-03-28 18:23:53","2017-02-22 14:30:16","2017-04-06 02:00:00",delivered
"2017-09-05 18:00:03","2017-08-26 14:55:19","2017-09-29 02:00:00",delivered
"2017-07-14 16:57:56","2017-07-04 06:45:13","2017-07-25 02:00:00",delivered
"2017-10-13 20:32:35","2017-09-27 14:49:12","2017-11-30 01:00:00",delivered
"2017-07-26 02:59:25","2017-07-18 08:35:12","2017-08-01 02:00:00",delivered
"2017-03-22 10:08:52","2017-03-12 20:04:41","2017-03-30 02:00:00",delivered
"2018-05-10 01:12:02","2018-04-29 16:53:31","2018-05-17 02:00:00",delivered
"2018-03-09 21:03:55","2018-02-26 12:15:34","2018-03-22 01:00:00",delivered
"2017-07-12 00:03:39","2017-07-02 14:15:19","2017-07-25 02:00:00",delivered
"2017-11-03 20:48:27","2017-10-27 18:55:24","2017-11-22 01:00:00",delivered
"2018-04-30 18:03:32","2018-04-25 03:15:08","2018-05-23 02:00:00",delivered
"2017-05-09 10:03:01","2017-04-30 17:02:33","2017-05-30 02:00:00",delivered
"2018-06-11 20:03:59","2018-05-30 19:58:05","2018-07-12 02:00:00",delivered
"2018-01-15 22:06:54","2018-01-11 21:15:47","2018-01-30 01:00:00",delivered
"2018-04-03 21:52:40","2018-03-10 18:07:54","2018-04-10 02:00:00",delivered
"2017-08-16 21:03:36","2017-08-10 15:50:09","2017-08-23 02:00:00",delivered
"2017-05-02 15:11:43","2017-04-24 22:45:16","2017-05-11 02:00:00",delivered
"2017-09-01 21:11:46","2017-08-23 04:47:28","2017-09-13 02:00:00",delivered
"2017-12-13 23:57:29","2017-11-26 18:55:23","2018-01-03 01:00:00",delivered
"2018-04-08 23:19:30","2018-04-03 19:10:29","2018-04-12 02:00:00",delivered
"2017-12-04 18:54:51","2017-11-29 19:10:32","2017-12-11 01:00:00",delivered
"2017-12-07 23:29:32","2017-12-01 22:24:08","2017-12-19 01:00:00",delivered
"2017-04-17 17:47:02","2017-04-06 16:03:14","2017-05-10 02:00:00",delivered
"2018-05-29 22:10:51","2018-05-25 15:53:54","2018-06-12 02:00:00",delivered
"2017-10-11 00:58:36","2017-09-25 12:04:02","2017-10-19 02:00:00",delivered
"2017-09-18 18:09:57","2017-09-06 04:55:33","2017-09-29 02:00:00",delivered
"2017-12-09 16:36:43","2017-11-29 12:37:34","2017-12-20 01:00:00",delivered
"2018-06-19 23:46:19","2018-06-14 14:19:40","2018-07-05 02:00:00",delivered
"2018-05-14 16:08:54","2018-05-01 16:16:59","2018-05-28 02:00:00",delivered
"2017-09-28 23:47:45","2017-09-12 10:30:25","2017-10-05 02:00:00",delivered
"2017-11-09 21:09:34","2017-11-02 10:45:18","2017-11-23 01:00:00",delivered
"2018-06-05 00:46:39","2018-05-30 15:09:18","2018-07-20 02:00:00",delivered
"2017-05-24 16:39:39","2017-05-05 15:50:15","2017-06-01 02:00:00",delivered
"2018-05-09 19:57:27","2018-05-08 06:55:20","2018-05-17 02:00:00",delivered
"2017-06-03 12:57:54","2017-06-02 12:30:19","2017-06-19 02:00:00",delivered
"2017-09-18 23:44:59","2017-09-13 19:55:29","2017-09-28 02:00:00",delivered
"2017-12-21 22:17:08","2017-12-04 19:30:31","2018-01-09 01:00:00",delivered
"2017-05-30 14:13:30","2017-05-22 18:05:19","2017-06-09 02:00:00",delivered
"2017-10-13 23:36:49","2017-10-08 17:07:11","2017-11-01 01:00:00",delivered
"2018-05-22 04:40:39","2018-05-18 04:54:16","2018-06-07 02:00:00",delivered
"2018-04-12 01:41:16","2018-03-27 05:56:17","2018-04-16 02:00:00",delivered
"2018-05-25 22:49:46","2018-05-23 18:36:26","2018-06-13 02:00:00",delivered
"2017-08-18 21:12:36","2017-08-11 13:04:33","2017-08-31 02:00:00",delivered
"2018-08-16 21:31:58","2018-08-12 22:30:18","2018-08-24 02:00:00",delivered
"2017-12-02 19:56:40","2017-11-25 05:17:35","2017-12-19 01:00:00",delivered
"2018-01-17 19:14:24","2018-01-12 03:35:45","2018-02-06 01:00:00",delivered
"2018-04-12 00:45:31","2018-04-06 20:29:25","2018-04-30 02:00:00",delivered
"2018-02-16 12:27:07","2018-02-06 05:32:49","2018-03-08 01:00:00",delivered
"2017-08-10 22:27:28","2017-07-15 08:50:10","2017-08-22 02:00:00",delivered
"2018-06-29 21:12:52","2018-06-20 15:21:30","2018-07-20 02:00:00",delivered
"2017-10-23 23:10:09","2017-10-15 04:14:19","2017-11-07 01:00:00",delivered
"2017-06-03 11:39:37","2017-05-24 05:05:23","2017-06-29 02:00:00",delivered
"2018-03-27 15:21:08","2018-03-20 15:49:27","2018-04-02 02:00:00",delivered
"2017-06-26 10:23:37","2017-06-20 16:50:17","2017-07-19 02:00:00",delivered
"2018-06-02 20:12:20","2018-05-13 13:12:43","2018-06-01 02:00:00",delivered
"2017-12-17 11:19:09","2017-12-09 20:30:37","2018-01-05 01:00:00",delivered
"2018-08-09 15:58:52","2018-08-03 06:35:22","2018-08-16 02:00:00",delivered
"2017-05-05 15:27:50","2017-04-22 18:05:17","2017-05-18 02:00:00",delivered
"2017-12-28 21:37:13","2017-12-09 13:36:31","2018-01-04 01:00:00",delivered
"2017-10-11 21:28:53","2017-10-07 22:49:32","2017-10-25 02:00:00",delivered
"2017-07-26 21:13:42","2017-07-14 11:05:14","2017-08-16 02:00:00",delivered
"2017-04-29 13:04:15","2017-04-22 20:41:21","2017-05-17 02:00:00",delivered
"2017-05-17 17:00:14","2017-05-05 10:55:17","2017-06-08 02:00:00",delivered
"2017-09-13 23:57:52","2017-09-09 21:50:12","2017-09-21 02:00:00",delivered
"2018-05-23 18:33:19","2018-05-21 23:15:40","2018-06-13 02:00:00",delivered
"2018-05-03 11:46:56","2018-04-16 12:32:41","2018-05-15 02:00:00",delivered
